LP Code,Kompetenzbereich,Kompetenz,Kompetenzstufe,Zyklus,Klassenstufe,Grundanspruch,Querverweis LP,Unterrichtsideen,Beziehung Regelstandards,RS Code (from Beziehung Regelstandards),Bild,Kompetenz Kindersprache
IB.1.1.a,Medien,"Die Schülerinnen und Schüler können sich in der physischen Umwelt sowie in medialen und virtuellen Lebensräumen orientieren und sich darin entsprechend den Gesetzen, Regeln und Wertesystemen verhalten.","können sich über Erfahrungen in ihrer unmittelbaren Umwelt, über Medienerfahrungen sowie Erfahrungen in virtuellen Lebensräumen austauschen und über ihre Mediennutzung sprechen (z.B. Naturerlebnis, Spielplatz, Film, Fernsehen, Bilderbuch, Hörspiel, Lernprogramm).",Zyklus 1,"KiGa,1./2.",Ja,D.4.C.1.a,"Medientagebuch,Hörspuren mit Book Creator,Das kenne ich doch,Woher kommt diese Nachricht?,Gewürfelte Erzählungen,Welchen Weg gehst du?,Unser Themennetz",RS.1.3.a,RS.1.3.a,MIA Bilder Kreis M klein.png (https://v5.airtableusercontent.com/v3/u/47/47/1764352800000/kfb935QMOntdWfkSWmcfAw/oBnlo4lWpx5_9y7SqA8-Qg20LezMVbAH8cQGLZv2PkmDk532PCAwXyqYRtwJOz_iotBEdy7b5T_I11N5PXfm-HjBywQOgwM8KdaAH17ggVs3_9Q3eoDLw1o5vqNBmC4USMYtqqF4KYgiMUmikyGPza8FNvUthMg2IyNQv7_2hlc/Yt9g9irxhLsMLtSq1tVIxVq0QOVPKDWIBEVgGH5zIDM),"Die Kinder lernen, sich in ihrer Umgebung, in den Medien und im Internet zurechtzufinden. Sie wissen, wie sie sich dort richtig verhalten und welche Regeln wichtig sind. Sie können mit anderen über ihre Erlebnisse draußen, auf dem Spielplatz, beim Fernsehen, beim Hören von Geschichten oder beim Spielen am Computer sprechen und erzählen, was sie dabei erlebt haben."
IB.1.1.b,Medien,"Die Schülerinnen und Schüler können sich in der physischen Umwelt sowie in medialen und virtuellen Lebensräumen orientieren und sich darin entsprechend den Gesetzen, Regeln und Wertesystemen verhalten.","können Vor- und Nachteile direkter Erfahrungen, durch Medien oder virtuell vermittelter Erfahrungen benennen und die persönliche Mediennutzung begründen.",Zyklus 2,3./4.,nein,,"1 Mitten in der Medienwelt,Medientagebuch,Hörspuren mit Book Creator,Wir erfinden eine Geschichte,Woher kommt diese Nachricht?,Welchen Weg gehst du?,Die Medienspirale","RS.1.3.b,RS.1.3.c,RS.3.4.a,RS.5.9.a","RS.1.3.b, RS.1.3.c, RS.3.4.a, RS.5.9.a",MIA Bilder Kreis M klein.png (https://v5.airtableusercontent.com/v3/u/47/47/1764352800000/kfb935QMOntdWfkSWmcfAw/oBnlo4lWpx5_9y7SqA8-Qg20LezMVbAH8cQGLZv2PkmDk532PCAwXyqYRtwJOz_iotBEdy7b5T_I11N5PXfm-HjBywQOgwM8KdaAH17ggVs3_9Q3eoDLw1o5vqNBmC4USMYtqqF4KYgiMUmikyGPza8FNvUthMg2IyNQv7_2hlc/Yt9g9irxhLsMLtSq1tVIxVq0QOVPKDWIBEVgGH5zIDM),"Du kannst dich in deiner Umgebung, aber auch in Medien und im Internet gut zurechtfinden. Du weißt, wie man sich dort richtig verhält und kennst wichtige Regeln und Werte. Außerdem kannst du erklären, was gut und was weniger gut daran ist, Dinge direkt zu erleben oder sie nur über Medien oder das Internet zu erfahren. Du kannst auch begründen, warum und wie du Medien nutzt."
IB.1.1.c,Medien,"Die Schülerinnen und Schüler können sich in der physischen Umwelt sowie in medialen und virtuellen Lebensräumen orientieren und sich darin entsprechend den Gesetzen, Regeln und Wertesystemen verhalten.","können Folgen medialer und virtueller Handlungen erkennen und benennen (z.B. Identitätsbildung, Beziehungspflege, Cybermobbing).",Zyklus 2,3./4.,Ja,NMG.7.1.e,"1 Mitten in der Medienwelt,4 @ {¥▲➞/ ▪¿ – alles klar?,Welchen Weg gehst du?,Sicher durchs Netz","RS.2.4.c,RS.5.9.b","RS.2.4.c, RS.5.9.b",MIA Bilder Kreis M klein.png (https://v5.airtableusercontent.com/v3/u/47/47/1764352800000/kfb935QMOntdWfkSWmcfAw/oBnlo4lWpx5_9y7SqA8-Qg20LezMVbAH8cQGLZv2PkmDk532PCAwXyqYRtwJOz_iotBEdy7b5T_I11N5PXfm-HjBywQOgwM8KdaAH17ggVs3_9Q3eoDLw1o5vqNBmC4USMYtqqF4KYgiMUmikyGPza8FNvUthMg2IyNQv7_2hlc/Yt9g9irxhLsMLtSq1tVIxVq0QOVPKDWIBEVgGH5zIDM),"Du kannst dich in deiner Umgebung, im Internet und in digitalen Welten gut zurechtfinden. Du weißt, wie du dich dort richtig verhältst und kennst wichtige Regeln und Werte. Außerdem kannst du erkennen, welche Folgen dein Verhalten im Internet haben kann, zum Beispiel für Freundschaften, dein eigenes Bild von dir oder wenn jemand im Netz geärgert wird (Cybermobbing)."
IB.1.1.d,Medien,"Die Schülerinnen und Schüler können sich in der physischen Umwelt sowie in medialen und virtuellen Lebensräumen orientieren und sich darin entsprechend den Gesetzen, Regeln und Wertesystemen verhalten.","können Regeln und Wertesysteme verschiedener Lebenswelten unterscheiden, reflektieren und entsprechend handeln (z.B. Netiquette, Werte in virtuellen Welten).",Zyklus 3,7.,nein,,1 Eine Entdeckungsreise  durch das Internet,"RS.2.4.a,RS.2.4.b,RS.2.4.c,RS.5.9.c","RS.2.4.a, RS.2.4.b, RS.2.4.c, RS.5.9.c",MIA Bilder Kreis M klein.png (https://v5.airtableusercontent.com/v3/u/47/47/1764352800000/kfb935QMOntdWfkSWmcfAw/oBnlo4lWpx5_9y7SqA8-Qg20LezMVbAH8cQGLZv2PkmDk532PCAwXyqYRtwJOz_iotBEdy7b5T_I11N5PXfm-HjBywQOgwM8KdaAH17ggVs3_9Q3eoDLw1o5vqNBmC4USMYtqqF4KYgiMUmikyGPza8FNvUthMg2IyNQv7_2hlc/Yt9g9irxhLsMLtSq1tVIxVq0QOVPKDWIBEVgGH5zIDM),"Du kannst dich in deiner Umgebung, im Internet und in digitalen Welten gut zurechtfinden. Du weißt, welche Regeln und Werte dort wichtig sind, zum Beispiel wie man sich im Netz höflich verhält (Netiquette). Du kannst unterscheiden, welche Regeln in der Schule, zu Hause oder online gelten, darüber nachdenken und dich passend verhalten."
IB.1.1.e,Medien,"Die Schülerinnen und Schüler können sich in der physischen Umwelt sowie in medialen und virtuellen Lebensräumen orientieren und sich darin entsprechend den Gesetzen, Regeln und Wertesystemen verhalten.","können Chancen und Risiken der Mediennutzung benennen und Konsequenzen für das eigene Verhalten ziehen (z.B. Vernetzung, Kommunikation, Cybermobbing, Schuldenfalle, Suchtpotential).",Zyklus 3,8.,Ja,,"1 Eine Entdeckungsreise  durch das Internet,3 Let’s play","RS.1.3.e,RS.2.4.b,RS.2.4.d,RS.5.9.c,RS.5.9.d","RS.1.3.e, RS.2.4.b, RS.2.4.d, RS.5.9.c, RS.5.9.d",MIA Bilder Kreis M klein.png (https://v5.airtableusercontent.com/v3/u/47/47/1764352800000/kfb935QMOntdWfkSWmcfAw/oBnlo4lWpx5_9y7SqA8-Qg20LezMVbAH8cQGLZv2PkmDk532PCAwXyqYRtwJOz_iotBEdy7b5T_I11N5PXfm-HjBywQOgwM8KdaAH17ggVs3_9Q3eoDLw1o5vqNBmC4USMYtqqF4KYgiMUmikyGPza8FNvUthMg2IyNQv7_2hlc/Yt9g9irxhLsMLtSq1tVIxVq0QOVPKDWIBEVgGH5zIDM),"Du kannst dich in deiner Umgebung, im Internet und in digitalen Welten gut zurechtfinden. Du weißt, wie du dich dort richtig verhältst und kennst wichtige Regeln und Gesetze. Außerdem kannst du erklären, welche Vorteile und Gefahren es bei der Nutzung von Medien gibt, zum Beispiel beim Chatten, bei sozialen Netzwerken oder beim Spielen. Du weißt, was Cybermobbing ist, wie man Schulden durch Online-Käufe vermeiden kann und dass Medien süchtig machen können. Du überlegst dir, wie du dich selbst schützen und verantwortungsvoll mit Medien umgehen kannst."
IB.1.1.e,Medien,"Die Schülerinnen und Schüler können sich in der
physischen Umwelt sowie in medialen und
virtuellen Lebensräumen orientieren und sich
darin entsprechend den Gesetzen, Regeln und
Wertesystemen verhalten.","können Verflechtungen und Wechselwirkungen zwischen physischer Umwelt, medialen und virtuellen Lebensräumen erkennen und für das eigene Verhalten einbeziehen (z.B. soziale Netzwerke und ihre Konsequenzen im realen Leben).",Zyklus 3,8.,Ja,,3 Let’s play,"RS.1.3.e,RS.1.3.f,RS.2.4.d,RS.5.9.c,RS.5.9.d","RS.1.3.e, RS.1.3.f, RS.2.4.d, RS.5.9.c, RS.5.9.d",MIA Bilder Kreis M klein.png (https://v5.airtableusercontent.com/v3/u/47/47/1764352800000/kfb935QMOntdWfkSWmcfAw/oBnlo4lWpx5_9y7SqA8-Qg20LezMVbAH8cQGLZv2PkmDk532PCAwXyqYRtwJOz_iotBEdy7b5T_I11N5PXfm-HjBywQOgwM8KdaAH17ggVs3_9Q3eoDLw1o5vqNBmC4USMYtqqF4KYgiMUmikyGPza8FNvUthMg2IyNQv7_2hlc/Yt9g9irxhLsMLtSq1tVIxVq0QOVPKDWIBEVgGH5zIDM),"Du kannst dich in deiner Umgebung, im Internet und in digitalen Welten gut zurechtfinden. Du weißt, welche Regeln und Gesetze dort gelten, und hältst dich daran. Außerdem erkennst du, wie das, was du online machst, Auswirkungen auf dein echtes Leben haben kann, zum Beispiel in sozialen Netzwerken. Du überlegst dir, wie du dich verhältst, damit es für dich und andere gut ist."
IB.1.1.f,Medien,"Die Schülerinnen und Schüler können sich in der
physischen Umwelt sowie in medialen und
virtuellen Lebensräumen orientieren und sich
darin entsprechend den Gesetzen, Regeln und
Wertesystemen verhalten.","können Chancen und Risiken der zunehmenden Durchdringung des Alltags durch Medien und Informatik beschreiben (z.B. Globalisierung, Automatisierung, veränderte Berufswelt, ungleiche Möglichkeiten zum Zugang zu Information und Technologie).",Zyklus 3,9.,nein,,"2 Digitale Geräte im Alltag,""5 Daten, Daten, Daten"",1 Wettbewerb der Algorithmen,2 Fakes im Netz,""4 Sie wissen, wer du bist""","RS.1.3.f,RS.5.9.d","RS.1.3.f, RS.5.9.d",MIA Bilder Kreis M klein.png (https://v5.airtableusercontent.com/v3/u/47/47/1764352800000/kfb935QMOntdWfkSWmcfAw/oBnlo4lWpx5_9y7SqA8-Qg20LezMVbAH8cQGLZv2PkmDk532PCAwXyqYRtwJOz_iotBEdy7b5T_I11N5PXfm-HjBywQOgwM8KdaAH17ggVs3_9Q3eoDLw1o5vqNBmC4USMYtqqF4KYgiMUmikyGPza8FNvUthMg2IyNQv7_2hlc/Yt9g9irxhLsMLtSq1tVIxVq0QOVPKDWIBEVgGH5zIDM),"Die Schülerinnen und Schüler wissen, wie sie sich in ihrer Umgebung, im Internet und in digitalen Welten zurechtfinden können. Sie kennen wichtige Regeln und Gesetze und verhalten sich respektvoll gegenüber anderen. Sie verstehen, dass Medien und Computer viele Vorteile bringen, zum Beispiel beim Lernen oder Arbeiten, aber auch Nachteile haben können, wie zum Beispiel, dass nicht alle Menschen gleich gut Zugang zu Informationen und Technik haben. Sie können erklären, wie sich unser Alltag durch Computer und Medien verändert, zum Beispiel durch neue Berufe oder durch die Möglichkeit, mit Menschen auf der ganzen Welt zu sprechen."
IB.1.1.g,Medien,"Die Schülerinnen und Schüler können sich in der
physischen Umwelt sowie in medialen und
virtuellen Lebensräumen orientieren und sich
darin entsprechend den Gesetzen, Regeln und
Wertesystemen verhalten.","können Funktion und Bedeutung der Medien für Kultur, Wirtschaft und Politik beschreiben und darlegen, wie gut einzelne Medien diese Funktion erfüllen (z.B. Manipulation, technische Abhängigkeit, Medien als vierte Gewalt).",Zyklus 3,9.,nein,D.5.B.1.d,2 Fakes im Netz,RS.5.9.e,RS.5.9.e,MIA Bilder Kreis M klein.png (https://v5.airtableusercontent.com/v3/u/47/47/1764352800000/kfb935QMOntdWfkSWmcfAw/oBnlo4lWpx5_9y7SqA8-Qg20LezMVbAH8cQGLZv2PkmDk532PCAwXyqYRtwJOz_iotBEdy7b5T_I11N5PXfm-HjBywQOgwM8KdaAH17ggVs3_9Q3eoDLw1o5vqNBmC4USMYtqqF4KYgiMUmikyGPza8FNvUthMg2IyNQv7_2hlc/Yt9g9irxhLsMLtSq1tVIxVq0QOVPKDWIBEVgGH5zIDM),"Die Schülerinnen und Schüler lernen, sich in ihrer Umgebung, im Internet und in digitalen Welten zurechtzufinden. Sie wissen, dass es dort Regeln und Gesetze gibt, an die sie sich halten müssen. Außerdem verstehen sie, warum Medien wie Fernsehen, Zeitungen oder das Internet für unsere Gesellschaft wichtig sind. Sie können erklären, wie Medien unsere Meinung beeinflussen können, warum wir manchmal von Technik abhängig sind und warum Medien eine wichtige Rolle in der Politik spielen. Sie überlegen auch, wie gut verschiedene Medien ihre Aufgaben erfüllen."
IB.1.2.a,Medien,"Die Schülerinnen und Schüler können Medien und Medienbeiträge entschlüsseln, reflektieren und nutzen.","verstehen einfache Beiträge in verschiedenen Mediensprachen und können darüber sprechen (Text, Bild, alltägliches Symbol, Ton, Film).",Zyklus 1,"1./2.,KiGa",nein,"D.2.B.1.a
D.2.C.1.b
NMG.2.5.a
NMG.7.4.a","Wir erfinden eine Geschichte,Woher kommt diese Nachricht?,Wetterbericht",,,MIA Bilder Kreis M klein.png (https://v5.airtableusercontent.com/v3/u/47/47/1764352800000/kfb935QMOntdWfkSWmcfAw/oBnlo4lWpx5_9y7SqA8-Qg20LezMVbAH8cQGLZv2PkmDk532PCAwXyqYRtwJOz_iotBEdy7b5T_I11N5PXfm-HjBywQOgwM8KdaAH17ggVs3_9Q3eoDLw1o5vqNBmC4USMYtqqF4KYgiMUmikyGPza8FNvUthMg2IyNQv7_2hlc/Yt9g9irxhLsMLtSq1tVIxVq0QOVPKDWIBEVgGH5zIDM),"Du kannst verschiedene Medien wie Bilder, Texte, Filme oder Töne verstehen. Du erkennst, was sie dir sagen wollen, und kannst darüber sprechen. Du weißt, wie man Medien richtig benutzt und kannst einfache Beiträge in verschiedenen Formen entschlüsseln."
IB.1.2.a,Medien,"Die Schülerinnen und Schüler können Medien und Medienbeiträge entschlüsseln, reflektieren und nutzen.",können Werbung erkennen und über die Zielsetzung der Werbebotschaften sprechen.,Zyklus 1,"1./2.,KiGa",nein,"D.2.B.1.a
D.2.C.1.b
NMG.2.5.a
NMG.7.4.a",,"RS.1.4.a,RS.1.4.b,RS.4.4.a,RS.4.4.b","RS.1.4.a, RS.1.4.b, RS.4.4.a, RS.4.4.b",MIA Bilder Kreis M klein.png (https://v5.airtableusercontent.com/v3/u/47/47/1764352800000/kfb935QMOntdWfkSWmcfAw/oBnlo4lWpx5_9y7SqA8-Qg20LezMVbAH8cQGLZv2PkmDk532PCAwXyqYRtwJOz_iotBEdy7b5T_I11N5PXfm-HjBywQOgwM8KdaAH17ggVs3_9Q3eoDLw1o5vqNBmC4USMYtqqF4KYgiMUmikyGPza8FNvUthMg2IyNQv7_2hlc/Yt9g9irxhLsMLtSq1tVIxVq0QOVPKDWIBEVgGH5zIDM),"Die Kinder lernen, verschiedene Medien wie Bücher, Filme oder das Internet zu verstehen. Sie können erkennen, wenn etwas Werbung ist, und wissen, dass Werbung uns oft etwas verkaufen oder uns zu etwas überreden möchte. Sie sprechen darüber, warum es Werbung gibt und wie sie gemacht wird."
IB.1.2.b,Medien,"Die Schülerinnen und Schüler können Medien und Medienbeiträge entschlüsseln, reflektieren und nutzen.","können benennen, welche unmittelbaren Emotionen die Mediennutzung auslösen kann (z.B. Freude, Wut, Trauer).",Zyklus 1,1./2.,Ja,NMG.9.4.b,"Wir erfinden eine Geschichte,Hokuspokus aus dem Hut",RS.1.4.a,RS.1.4.a,MIA Bilder Kreis M klein.png (https://v5.airtableusercontent.com/v3/u/47/47/1764352800000/kfb935QMOntdWfkSWmcfAw/oBnlo4lWpx5_9y7SqA8-Qg20LezMVbAH8cQGLZv2PkmDk532PCAwXyqYRtwJOz_iotBEdy7b5T_I11N5PXfm-HjBywQOgwM8KdaAH17ggVs3_9Q3eoDLw1o5vqNBmC4USMYtqqF4KYgiMUmikyGPza8FNvUthMg2IyNQv7_2hlc/Yt9g9irxhLsMLtSq1tVIxVq0QOVPKDWIBEVgGH5zIDM),
IB.1.2.c,Medien,"Die Schülerinnen und Schüler können Medien und Medienbeiträge entschlüsseln, reflektieren und nutzen.","können mithilfe von vorgegebenen Medien lernen und Informationen zu einem bestimmten Thema beschaffen (z.B. Buch, Zeitschrift, Lernspiel, Spielgeschichte, Website).","Zyklus 1,Zyklus 2","1./2.,3./4.",nein,"IB
NMG.9.3.d","2 Suchen und Finden im Internet,1 Salz und Pfeffer - Bits und Bytes,Hörspuren mit Book Creator,""Punkt, Punkt, Komma, Strich"",Mein Lieblingstier,Schnitzeljagd im Kinderlexikon","RS.3.1.a,RS.3.1.b,RS.3.2.a,RS.7.1.a,RS.7.1.b,RS.7.1.c","RS.3.1.a, RS.3.1.b, RS.3.2.a, RS.7.1.a, RS.7.1.b, RS.7.1.c",MIA Bilder Kreis M klein.png (https://v5.airtableusercontent.com/v3/u/47/47/1764352800000/kfb935QMOntdWfkSWmcfAw/oBnlo4lWpx5_9y7SqA8-Qg20LezMVbAH8cQGLZv2PkmDk532PCAwXyqYRtwJOz_iotBEdy7b5T_I11N5PXfm-HjBywQOgwM8KdaAH17ggVs3_9Q3eoDLw1o5vqNBmC4USMYtqqF4KYgiMUmikyGPza8FNvUthMg2IyNQv7_2hlc/Yt9g9irxhLsMLtSq1tVIxVq0QOVPKDWIBEVgGH5zIDM),
IB.1.2.d,Medien,"Die Schülerinnen und Schüler können Medien und Medienbeiträge entschlüsseln, reflektieren und nutzen.","können die Grundfunktionen der Medien benennen (Information, Bildung, Meinungsbildung, Unterhaltung, Kommunikation).",Zyklus 2,3./4.,nein,,1 Mitten in der Medienwelt,"RS.1.3.c,RS.1.4.c,RS.3.4.b","RS.1.3.c, RS.1.4.c, RS.3.4.b",MIA Bilder Kreis M klein.png (https://v5.airtableusercontent.com/v3/u/47/47/1764352800000/kfb935QMOntdWfkSWmcfAw/oBnlo4lWpx5_9y7SqA8-Qg20LezMVbAH8cQGLZv2PkmDk532PCAwXyqYRtwJOz_iotBEdy7b5T_I11N5PXfm-HjBywQOgwM8KdaAH17ggVs3_9Q3eoDLw1o5vqNBmC4USMYtqqF4KYgiMUmikyGPza8FNvUthMg2IyNQv7_2hlc/Yt9g9irxhLsMLtSq1tVIxVq0QOVPKDWIBEVgGH5zIDM),
IB.1.2.d,Medien,"Die Schülerinnen und Schüler können Medien und Medienbeiträge entschlüsseln, reflektieren und nutzen.","kennen Mischformen und können typische Beispiele aufzählen (Infotainment, Edutainment).",Zyklus 2,3./4.,nein,,,"RS.1.4.c,RS.3.4.b","RS.1.4.c, RS.3.4.b",MIA Bilder Kreis M klein.png (https://v5.airtableusercontent.com/v3/u/47/47/1764352800000/kfb935QMOntdWfkSWmcfAw/oBnlo4lWpx5_9y7SqA8-Qg20LezMVbAH8cQGLZv2PkmDk532PCAwXyqYRtwJOz_iotBEdy7b5T_I11N5PXfm-HjBywQOgwM8KdaAH17ggVs3_9Q3eoDLw1o5vqNBmC4USMYtqqF4KYgiMUmikyGPza8FNvUthMg2IyNQv7_2hlc/Yt9g9irxhLsMLtSq1tVIxVq0QOVPKDWIBEVgGH5zIDM),
IB.1.2.e,Medien,"Die Schülerinnen und Schüler können Medien und Medienbeiträge entschlüsseln, reflektieren und nutzen.","können Informationen aus verschiedenen Quellen gezielt beschaffen, auswählen und hinsichtlich Qualität und Nutzen beurteilen.",Zyklus 2,5./6.,Ja,"D.3.B.1.g
IB
NMG.1.5.g
NMG.1.6.d
NMG.2.5.d
NMG.3.3.e
NMG.7.1.e
NMG.7.2.e
NMG.8.2.e
NMG.9.3.e","2 Suchen und Finden im Internet,3 Wir stylen unsere Rezepte","RS.3.1.c,RS.3.4.b,RS.3.4.c","RS.3.1.c, RS.3.4.b, RS.3.4.c",MIA Bilder Kreis M klein.png (https://v5.airtableusercontent.com/v3/u/47/47/1764352800000/kfb935QMOntdWfkSWmcfAw/oBnlo4lWpx5_9y7SqA8-Qg20LezMVbAH8cQGLZv2PkmDk532PCAwXyqYRtwJOz_iotBEdy7b5T_I11N5PXfm-HjBywQOgwM8KdaAH17ggVs3_9Q3eoDLw1o5vqNBmC4USMYtqqF4KYgiMUmikyGPza8FNvUthMg2IyNQv7_2hlc/Yt9g9irxhLsMLtSq1tVIxVq0QOVPKDWIBEVgGH5zIDM),
IB.1.2.f,Medien,"Die Schülerinnen und Schüler können Medien und Medienbeiträge entschlüsseln, reflektieren und nutzen.","erkennen, dass Medien und Medienbeiträge auf Individuen unterschiedlich wirken.",Zyklus 3,7.,nein,,"3 Wir stylen unsere Rezepte,4 Das passt ins Bild","RS.1.3.d,RS.1.4.d,RS.3.4.c,RS.4.6.a","RS.1.3.d, RS.1.4.d, RS.3.4.c, RS.4.6.a",MIA Bilder Kreis M klein.png (https://v5.airtableusercontent.com/v3/u/47/47/1764352800000/kfb935QMOntdWfkSWmcfAw/oBnlo4lWpx5_9y7SqA8-Qg20LezMVbAH8cQGLZv2PkmDk532PCAwXyqYRtwJOz_iotBEdy7b5T_I11N5PXfm-HjBywQOgwM8KdaAH17ggVs3_9Q3eoDLw1o5vqNBmC4USMYtqqF4KYgiMUmikyGPza8FNvUthMg2IyNQv7_2hlc/Yt9g9irxhLsMLtSq1tVIxVq0QOVPKDWIBEVgGH5zIDM),
IB.1.2.g,Medien,"Die Schülerinnen und Schüler können Medien und Medienbeiträge entschlüsseln, reflektieren und nutzen.","kennen grundlegende Elemente der Bild-, Film- und Fernsehsprache und können ihre Funktion und Bedeutung in einem Medienbeitrag reflektieren.",Zyklus 3,8.,Ja,BG.3.B.1.1c,4 Das passt ins Bild,"RS.1.4.d,RS.1.4.e,RS.3.4.c","RS.1.4.d, RS.1.4.e, RS.3.4.c",MIA Bilder Kreis M klein.png (https://v5.airtableusercontent.com/v3/u/47/47/1764352800000/kfb935QMOntdWfkSWmcfAw/oBnlo4lWpx5_9y7SqA8-Qg20LezMVbAH8cQGLZv2PkmDk532PCAwXyqYRtwJOz_iotBEdy7b5T_I11N5PXfm-HjBywQOgwM8KdaAH17ggVs3_9Q3eoDLw1o5vqNBmC4USMYtqqF4KYgiMUmikyGPza8FNvUthMg2IyNQv7_2hlc/Yt9g9irxhLsMLtSq1tVIxVq0QOVPKDWIBEVgGH5zIDM),
IB.1.2.h,Medien,"Die Schülerinnen und Schüler können Medien und Medienbeiträge entschlüsseln, reflektieren und nutzen.","können die Absicht hinter Medienbeiträgen einschätzen (z.B. Werbung, Zeitschrift, Parteizeitung).",Zyklus 3,9.,nein,"BG.3.B.1.1c
BG.3.B.1.2c
EEA.5.2.b
EEA.5.5.d
GGS.3.3.a
NT.3.3.c","4 Das passt ins Bild,2 Fakes im Netz","RS.1.4.d,RS.1.4.e,RS.3.4.c,RS.3.4.d","RS.1.4.d, RS.1.4.e, RS.3.4.c, RS.3.4.d",MIA Bilder Kreis M klein.png (https://v5.airtableusercontent.com/v3/u/47/47/1764352800000/kfb935QMOntdWfkSWmcfAw/oBnlo4lWpx5_9y7SqA8-Qg20LezMVbAH8cQGLZv2PkmDk532PCAwXyqYRtwJOz_iotBEdy7b5T_I11N5PXfm-HjBywQOgwM8KdaAH17ggVs3_9Q3eoDLw1o5vqNBmC4USMYtqqF4KYgiMUmikyGPza8FNvUthMg2IyNQv7_2hlc/Yt9g9irxhLsMLtSq1tVIxVq0QOVPKDWIBEVgGH5zIDM),
IB.1.2.i,Medien,"Die Schülerinnen und Schüler können Medien und Medienbeiträge entschlüsseln, reflektieren und nutzen.",kennen Organisations- und Finanzierungsformen von Medienangeboten und deren Konsequenzen.,Zyklus 3,9.,nein,,"""4 Sie wissen, wer du bist""","RS.3.4.c,RS.3.4.d","RS.3.4.c, RS.3.4.d",MIA Bilder Kreis M klein.png (https://v5.airtableusercontent.com/v3/u/47/47/1764352800000/kfb935QMOntdWfkSWmcfAw/oBnlo4lWpx5_9y7SqA8-Qg20LezMVbAH8cQGLZv2PkmDk532PCAwXyqYRtwJOz_iotBEdy7b5T_I11N5PXfm-HjBywQOgwM8KdaAH17ggVs3_9Q3eoDLw1o5vqNBmC4USMYtqqF4KYgiMUmikyGPza8FNvUthMg2IyNQv7_2hlc/Yt9g9irxhLsMLtSq1tVIxVq0QOVPKDWIBEVgGH5zIDM),
IB.1.3.a,Medien,"Die Schülerinnen und Schüler können Gedanken, Meinungen, Erfahrungen und Wissen in Medienbeiträge umsetzen und unter Einbezug der Gesetze, Regeln und Wertesysteme auch veröffentlichen.",können spielerisch und kreativ mit Medien experimentieren.,Zyklus 1,"1./2.,KiGa",nein,,"Mein Lieblingsort im Kindergarten,""Ich sehe, was ich höre"",A-B-C-Buch,Geräusche raten,Hokuspokus aus dem Hut,Was leuchtet denn da?,""10, 9, 8... Go!"",Zeichnungsdiktat in Paint erstellen","RS.4.5.a,RS.5.7.a,RS.6.1.a","RS.4.5.a, RS.5.7.a, RS.6.1.a",MIA Bilder Kreis M klein.png (https://v5.airtableusercontent.com/v3/u/47/47/1764352800000/kfb935QMOntdWfkSWmcfAw/oBnlo4lWpx5_9y7SqA8-Qg20LezMVbAH8cQGLZv2PkmDk532PCAwXyqYRtwJOz_iotBEdy7b5T_I11N5PXfm-HjBywQOgwM8KdaAH17ggVs3_9Q3eoDLw1o5vqNBmC4USMYtqqF4KYgiMUmikyGPza8FNvUthMg2IyNQv7_2hlc/Yt9g9irxhLsMLtSq1tVIxVq0QOVPKDWIBEVgGH5zIDM),
IB.1.3.b,Medien,"Die Schülerinnen und Schüler können Gedanken, Meinungen, Erfahrungen und Wissen in Medienbeiträge umsetzen und unter Einbezug der Gesetze, Regeln und Wertesysteme auch veröffentlichen.","können einfache Bild-, Text-, Tondokumente gestalten und präsentieren.",Zyklus 1,1./2.,Ja,"IB
NMG.2.1.a","Hörspuren mit Book Creator,Gewürfelte Erzählungen,Mein Lieblingsort im Kindergarten,""Ich sehe, was ich höre"",A-B-C-Buch,Geräusche raten,""Punkt, Punkt, Komma, Strich"",Hokuspokus aus dem Hut,Mein Lieblingstier,Wetterbericht,Zeichnungsdiktat in Paint erstellen","RS.3.3.b,RS.4.5.a,RS.4.5.b,RS.5.5.a,RS.6.1.a,RS.6.1.b","RS.3.3.b, RS.4.5.a, RS.4.5.b, RS.5.5.a, RS.6.1.a, RS.6.1.b",MIA Bilder Kreis M klein.png (https://v5.airtableusercontent.com/v3/u/47/47/1764352800000/kfb935QMOntdWfkSWmcfAw/oBnlo4lWpx5_9y7SqA8-Qg20LezMVbAH8cQGLZv2PkmDk532PCAwXyqYRtwJOz_iotBEdy7b5T_I11N5PXfm-HjBywQOgwM8KdaAH17ggVs3_9Q3eoDLw1o5vqNBmC4USMYtqqF4KYgiMUmikyGPza8FNvUthMg2IyNQv7_2hlc/Yt9g9irxhLsMLtSq1tVIxVq0QOVPKDWIBEVgGH5zIDM),
IB.1.3.c,Medien,"Die Schülerinnen und Schüler können Gedanken, Meinungen, Erfahrungen und Wissen in Medienbeiträge umsetzen und unter Einbezug der Gesetze, Regeln und Wertesysteme auch veröffentlichen.","können Medien zum Erstellen und Präsentieren ihrer Arbeiten einsetzen (z.B. Klassenzeitung, Klassenblog, Hörspiel, Videoclip).",Zyklus 2,3./4.,nein,"D.3.B.1.d
IB
MU.4.B.1.2a
MU.4.B.1.2b","3 Informationen auf einen Blick,5 Bilder: Punkt für Punkt,3 Wir stylen unsere Rezepte,Hörspuren mit Book Creator,Zeichnungsdiktat in Paint erstellen","RS.3.3.c,RS.4.2.a,RS.4.2.b,RS.4.4.c,RS.5.5.a","RS.3.3.c, RS.4.2.a, RS.4.2.b, RS.4.4.c, RS.5.5.a",MIA Bilder Kreis M klein.png (https://v5.airtableusercontent.com/v3/u/47/47/1764352800000/kfb935QMOntdWfkSWmcfAw/oBnlo4lWpx5_9y7SqA8-Qg20LezMVbAH8cQGLZv2PkmDk532PCAwXyqYRtwJOz_iotBEdy7b5T_I11N5PXfm-HjBywQOgwM8KdaAH17ggVs3_9Q3eoDLw1o5vqNBmC4USMYtqqF4KYgiMUmikyGPza8FNvUthMg2IyNQv7_2hlc/Yt9g9irxhLsMLtSq1tVIxVq0QOVPKDWIBEVgGH5zIDM),
IB.1.3.d,Medien,"Die Schülerinnen und Schüler können Gedanken, Meinungen, Erfahrungen und Wissen in Medienbeiträge umsetzen und unter Einbezug der Gesetze, Regeln und Wertesysteme auch veröffentlichen.","können in ihren Medienbeiträgen die Sicherheitsregeln im Umgang mit persönlichen Daten einbeziehen (z.B. Angaben zur Person, Passwort, Nickname).",Zyklus 2,3./4.,nein,,"1 Mitten in der Medienwelt,Sicheres Passwort erstellen,KI Grundlagen","RS.1.1.b,RS.1.1.c,RS.1.5.a,RS.2.4.a,RS.3.5.a","RS.1.1.b, RS.1.1.c, RS.1.5.a, RS.2.4.a, RS.3.5.a",MIA Bilder Kreis M klein.png (https://v5.airtableusercontent.com/v3/u/47/47/1764352800000/kfb935QMOntdWfkSWmcfAw/oBnlo4lWpx5_9y7SqA8-Qg20LezMVbAH8cQGLZv2PkmDk532PCAwXyqYRtwJOz_iotBEdy7b5T_I11N5PXfm-HjBywQOgwM8KdaAH17ggVs3_9Q3eoDLw1o5vqNBmC4USMYtqqF4KYgiMUmikyGPza8FNvUthMg2IyNQv7_2hlc/Yt9g9irxhLsMLtSq1tVIxVq0QOVPKDWIBEVgGH5zIDM),
IB.1.3.e,Medien,"Die Schülerinnen und Schüler können Gedanken, Meinungen, Erfahrungen und Wissen in Medienbeiträge umsetzen und unter Einbezug der Gesetze, Regeln und Wertesysteme auch veröffentlichen.","können Medieninhalte weiterverwenden und unter Angabe der Quelle in Eigenproduktionen integrieren (z.B. Vortrag, Blog/Klassenblog).",Zyklus 2,5./6.,Ja,"D.3.B.1.d
IB
MU.4.B.1.2a
MU.4.B.1.2b","5 Bilder: Punkt für Punkt,3 Wir stylen unsere Rezepte","RS.1.2.a,RS.1.2.b,RS.4.4.c,RS.6.5.a","RS.1.2.a, RS.1.2.b, RS.4.4.c, RS.6.5.a",MIA Bilder Kreis M klein.png (https://v5.airtableusercontent.com/v3/u/47/47/1764352800000/kfb935QMOntdWfkSWmcfAw/oBnlo4lWpx5_9y7SqA8-Qg20LezMVbAH8cQGLZv2PkmDk532PCAwXyqYRtwJOz_iotBEdy7b5T_I11N5PXfm-HjBywQOgwM8KdaAH17ggVs3_9Q3eoDLw1o5vqNBmC4USMYtqqF4KYgiMUmikyGPza8FNvUthMg2IyNQv7_2hlc/Yt9g9irxhLsMLtSq1tVIxVq0QOVPKDWIBEVgGH5zIDM),
IB.1.3.f,Medien,"Die Schülerinnen und Schüler können Gedanken, Meinungen, Erfahrungen und Wissen in Medienbeiträge umsetzen und unter Einbezug der Gesetze, Regeln und Wertesysteme auch veröffentlichen.","können Medien nutzen, um ihre Gedanken und ihr Wissen vor Publikum zu präsentieren und/oder zu veröffentlichen.","Zyklus 2,Zyklus 3","5./6.,7.",nein,"D.3.B.1.f
GGS.5.1.d
IB
IB
NMG.4.5.f","3 Informationen auf einen Blick,3 Wir stylen unsere Rezepte,Hörspuren mit Book Creator","RS.4.2.c,RS.4.2.d,RS.4.2.e,RS.2.4.b","RS.4.2.c, RS.4.2.d, RS.4.2.e, RS.2.4.b",MIA Bilder Kreis M klein.png (https://v5.airtableusercontent.com/v3/u/47/47/1764352800000/kfb935QMOntdWfkSWmcfAw/oBnlo4lWpx5_9y7SqA8-Qg20LezMVbAH8cQGLZv2PkmDk532PCAwXyqYRtwJOz_iotBEdy7b5T_I11N5PXfm-HjBywQOgwM8KdaAH17ggVs3_9Q3eoDLw1o5vqNBmC4USMYtqqF4KYgiMUmikyGPza8FNvUthMg2IyNQv7_2hlc/Yt9g9irxhLsMLtSq1tVIxVq0QOVPKDWIBEVgGH5zIDM),
IB.1.3.f,Medien,"Die Schülerinnen und Schüler können Gedanken, Meinungen, Erfahrungen und Wissen in Medienbeiträge umsetzen und unter Einbezug der Gesetze, Regeln und Wertesysteme auch veröffentlichen.",können Wirkungen eigener Medienbeiträge einschätzen und bei der Produktion entsprechend berücksichtigen.,"Zyklus 2,Zyklus 3","5./6.,7.",nein,,"3 Informationen auf einen Blick,4 Das passt ins Bild","RS.4.2.c,RS.4.2.d,RS.4.2.e,RS.2.3.d","RS.4.2.c, RS.4.2.d, RS.4.2.e, RS.2.3.d",MIA Bilder Kreis M klein.png (https://v5.airtableusercontent.com/v3/u/47/47/1764352800000/kfb935QMOntdWfkSWmcfAw/oBnlo4lWpx5_9y7SqA8-Qg20LezMVbAH8cQGLZv2PkmDk532PCAwXyqYRtwJOz_iotBEdy7b5T_I11N5PXfm-HjBywQOgwM8KdaAH17ggVs3_9Q3eoDLw1o5vqNBmC4USMYtqqF4KYgiMUmikyGPza8FNvUthMg2IyNQv7_2hlc/Yt9g9irxhLsMLtSq1tVIxVq0QOVPKDWIBEVgGH5zIDM),
IB.1.3.g,Medien,"Die Schülerinnen und Schüler können Gedanken, Meinungen, Erfahrungen und Wissen in Medienbeiträge umsetzen und unter Einbezug der Gesetze, Regeln und Wertesysteme auch veröffentlichen.",können mit eigenen und fremden Inhalten Medienbeiträge herstellen und berücksichtigen dabei die rechtlichen Rahmenbedingungen sowie Sicherheits- und Verhaltensregeln.,Zyklus 3,"7.,8.",Ja,,4 Das passt ins Bild,"RS.1.2.c,RS.1.2.d,RS.2.4.a,RS.3.5.b,RS.6.5.b,RS.6.5.c,RS.6.5.d","RS.1.2.c, RS.1.2.d, RS.2.4.a, RS.3.5.b, RS.6.5.b, RS.6.5.c, RS.6.5.d",MIA Bilder Kreis M klein.png (https://v5.airtableusercontent.com/v3/u/47/47/1764352800000/kfb935QMOntdWfkSWmcfAw/oBnlo4lWpx5_9y7SqA8-Qg20LezMVbAH8cQGLZv2PkmDk532PCAwXyqYRtwJOz_iotBEdy7b5T_I11N5PXfm-HjBywQOgwM8KdaAH17ggVs3_9Q3eoDLw1o5vqNBmC4USMYtqqF4KYgiMUmikyGPza8FNvUthMg2IyNQv7_2hlc/Yt9g9irxhLsMLtSq1tVIxVq0QOVPKDWIBEVgGH5zIDM),
IB.1.3.h,Medien,"Die Schülerinnen und Schüler können Gedanken, Meinungen, Erfahrungen und Wissen in Medienbeiträge umsetzen und unter Einbezug der Gesetze, Regeln und Wertesysteme auch veröffentlichen.",können allein und in Arbeitsteams mit medialen Möglichkeiten experimentieren und sich darüber austauschen.,Zyklus 3,9.,nein,"MU.4.B.1.2e
MU.5.A.1.g
MU.5.B.1.g
",5 Survival Guide,RS.6.5.d,RS.6.5.d,MIA Bilder Kreis M klein.png (https://v5.airtableusercontent.com/v3/u/47/47/1764352800000/kfb935QMOntdWfkSWmcfAw/oBnlo4lWpx5_9y7SqA8-Qg20LezMVbAH8cQGLZv2PkmDk532PCAwXyqYRtwJOz_iotBEdy7b5T_I11N5PXfm-HjBywQOgwM8KdaAH17ggVs3_9Q3eoDLw1o5vqNBmC4USMYtqqF4KYgiMUmikyGPza8FNvUthMg2IyNQv7_2hlc/Yt9g9irxhLsMLtSq1tVIxVq0QOVPKDWIBEVgGH5zIDM),
IB.1.4.a,Medien,Die Schülerinnen und Schüler können Medien interaktiv nutzen sowie mit anderen kommunizieren und kooperieren.,"können mittels Medien bestehende Kontakte pflegen und sich austauschen (z.B. Telefon, Brief).",Zyklus 1,1./2.,Ja,"D.3.C.1.c
IB
",,RS.2.1.a,RS.2.1.a,MIA Bilder Kreis M klein.png (https://v5.airtableusercontent.com/v3/u/47/47/1764352800000/kfb935QMOntdWfkSWmcfAw/oBnlo4lWpx5_9y7SqA8-Qg20LezMVbAH8cQGLZv2PkmDk532PCAwXyqYRtwJOz_iotBEdy7b5T_I11N5PXfm-HjBywQOgwM8KdaAH17ggVs3_9Q3eoDLw1o5vqNBmC4USMYtqqF4KYgiMUmikyGPza8FNvUthMg2IyNQv7_2hlc/Yt9g9irxhLsMLtSq1tVIxVq0QOVPKDWIBEVgGH5zIDM),
IB.1.4.b,Medien,Die Schülerinnen und Schüler können Medien interaktiv nutzen sowie mit anderen kommunizieren und kooperieren.,können Medien für gemeinsames Arbeiten und für Meinungsaustausch einsetzen und dabei die Sicherheitsregeln befolgen.,Zyklus 2,3./4.,Ja,,"3 Wir stylen unsere Rezepte,5 2gether4ever – we’re connected,Die Medienspirale,Sicher durchs Netz","RS.1.5.b,RS.2.1.b,RS.2.3.b,RS.3.5.a","RS.1.5.b, RS.2.1.b, RS.2.3.b, RS.3.5.a",MIA Bilder Kreis M klein.png (https://v5.airtableusercontent.com/v3/u/47/47/1764352800000/kfb935QMOntdWfkSWmcfAw/oBnlo4lWpx5_9y7SqA8-Qg20LezMVbAH8cQGLZv2PkmDk532PCAwXyqYRtwJOz_iotBEdy7b5T_I11N5PXfm-HjBywQOgwM8KdaAH17ggVs3_9Q3eoDLw1o5vqNBmC4USMYtqqF4KYgiMUmikyGPza8FNvUthMg2IyNQv7_2hlc/Yt9g9irxhLsMLtSq1tVIxVq0QOVPKDWIBEVgGH5zIDM),
IB.1.4.c,Medien,Die Schülerinnen und Schüler können Medien interaktiv nutzen sowie mit anderen kommunizieren und kooperieren.,können mittels Medien kommunizieren und dabei die Sicherheits- und Verhaltensregeln befolgen.,"Zyklus 2,Zyklus 3","5./6.,7.",nein,IB,"4 @ {¥▲➞/ ▪¿ – alles klar?,Sicher durchs Netz,KI Grundlagen","RS.1.5.c,RS.2.1.a,RS.2.1.b,RS.2.1.c,RS.2.3.a,RS.2.3.b,RS.2.3.c,RS.2.4.a,RS.3.5.a,RS.3.5.b","RS.1.5.c, RS.2.1.a, RS.2.1.b, RS.2.1.c, RS.2.3.a, RS.2.3.b, RS.2.3.c, RS.2.4.a, RS.3.5.a, RS.3.5.b",MIA Bilder Kreis M klein.png (https://v5.airtableusercontent.com/v3/u/47/47/1764352800000/kfb935QMOntdWfkSWmcfAw/oBnlo4lWpx5_9y7SqA8-Qg20LezMVbAH8cQGLZv2PkmDk532PCAwXyqYRtwJOz_iotBEdy7b5T_I11N5PXfm-HjBywQOgwM8KdaAH17ggVs3_9Q3eoDLw1o5vqNBmC4USMYtqqF4KYgiMUmikyGPza8FNvUthMg2IyNQv7_2hlc/Yt9g9irxhLsMLtSq1tVIxVq0QOVPKDWIBEVgGH5zIDM),
IB.1.4.d,Medien,Die Schülerinnen und Schüler können Medien interaktiv nutzen sowie mit anderen kommunizieren und kooperieren.,können Medien gezielt für kooperatives Lernen nutzen.,Zyklus 3,"7.,8.",nein,D.4.D.1.f,,"RS.2.3.c,RS.7.5.b,RS.7.5.c","RS.2.3.c, RS.7.5.b, RS.7.5.c",MIA Bilder Kreis M klein.png (https://v5.airtableusercontent.com/v3/u/47/47/1764352800000/kfb935QMOntdWfkSWmcfAw/oBnlo4lWpx5_9y7SqA8-Qg20LezMVbAH8cQGLZv2PkmDk532PCAwXyqYRtwJOz_iotBEdy7b5T_I11N5PXfm-HjBywQOgwM8KdaAH17ggVs3_9Q3eoDLw1o5vqNBmC4USMYtqqF4KYgiMUmikyGPza8FNvUthMg2IyNQv7_2hlc/Yt9g9irxhLsMLtSq1tVIxVq0QOVPKDWIBEVgGH5zIDM),
IB.1.4.e,Medien,Die Schülerinnen und Schüler können Medien interaktiv nutzen sowie mit anderen kommunizieren und kooperieren.,können Medien zur Veröffentlichung eigener Ideen und Meinungen nutzen und das Zielpublikum zu Rückmeldungen motivieren.,Zyklus 3,9.,Ja,,5 Survival Guide,"RS.1.5.c,RS.2.3.c,RS.2.3.d,RS.4.4.d,RS.4.4.e,RS.7.5.e","RS.1.5.c, RS.2.3.c, RS.2.3.d, RS.4.4.d, RS.4.4.e, RS.7.5.e",MIA Bilder Kreis M klein.png (https://v5.airtableusercontent.com/v3/u/47/47/1764352800000/kfb935QMOntdWfkSWmcfAw/oBnlo4lWpx5_9y7SqA8-Qg20LezMVbAH8cQGLZv2PkmDk532PCAwXyqYRtwJOz_iotBEdy7b5T_I11N5PXfm-HjBywQOgwM8KdaAH17ggVs3_9Q3eoDLw1o5vqNBmC4USMYtqqF4KYgiMUmikyGPza8FNvUthMg2IyNQv7_2hlc/Yt9g9irxhLsMLtSq1tVIxVq0QOVPKDWIBEVgGH5zIDM),
IB.1.4.f,Medien,Die Schülerinnen und Schüler können Medien interaktiv nutzen sowie mit anderen kommunizieren und kooperieren.,"können kooperative Werkzeuge anpassen und für gemeinsames Arbeiten, Meinungsaustausch, Kommunikation sowie zum Publizieren einsetzen (z.B. Blog, Wiki).",Zyklus 3,9.,nein,IB,5 Survival Guide,"RS.2.1.d,RS.2.3.d,RS.7.5.e","RS.2.1.d, RS.2.3.d, RS.7.5.e",MIA Bilder Kreis M klein.png (https://v5.airtableusercontent.com/v3/u/47/47/1764352800000/kfb935QMOntdWfkSWmcfAw/oBnlo4lWpx5_9y7SqA8-Qg20LezMVbAH8cQGLZv2PkmDk532PCAwXyqYRtwJOz_iotBEdy7b5T_I11N5PXfm-HjBywQOgwM8KdaAH17ggVs3_9Q3eoDLw1o5vqNBmC4USMYtqqF4KYgiMUmikyGPza8FNvUthMg2IyNQv7_2hlc/Yt9g9irxhLsMLtSq1tVIxVq0QOVPKDWIBEVgGH5zIDM),
IB.2.1.a,Informatik,"Die Schülerinnen und Schüler können Daten aus ihrer Umwelt darstellen, strukturieren und auswerten.","können Dinge nach selbst gewählten Eigenschaften ordnen, damit sie ein Objekt mit einer bestimmten Eigenschaft schneller finden (z.B. Farbe, Form, Grösse).",Zyklus 1,"1./2.,KiGa",Ja,,"Heute wird geordnet und aufgeräumt!,Sortieren im Kindergarten,Bühne frei für die Zahlenkinder,Malen nach Zahlen,Gut sortiert ist halb gewonnen",,,MIA Bilder Kreis I klein.png (https://v5.airtableusercontent.com/v3/u/47/47/1764352800000/TRu0Z_0Trl0NW78D8KTuTQ/1XRdFtuDsF9pLUTPgdNoM80Vfw2eWpTdT4Zg1XDeB1At5JkVI4fvn8bdzoDoc0RxC6KCdUnDJzWLx7R32yj2V_nWlAWaJQ5hgTkH9bZbfMvXXdBNCJ1MPBSRAWsc3FR00ITZXL8CzBm_-h9ncv93izNpKiklDoaMKlqWc8ml46o/aB3qdi0bGGDyr1axSWbzA0VLGpq16eMvJhPwpAMMhZo),
IB.2.1.b,Informatik,"Die Schülerinnen und Schüler können Daten aus ihrer Umwelt darstellen, strukturieren und auswerten.","können unterschiedliche Darstellungsformen für Daten verwenden (z.B. Symbole, Tabellen, Grafiken).",Zyklus 2,5./6.,nein,,"3 Informationen auf einen Blick,1 Salz und Pfeffer - Bits und Bytes,Malen nach Zahlen,Ohne Worte - alles klar?",,,MIA Bilder Kreis I klein.png (https://v5.airtableusercontent.com/v3/u/47/47/1764352800000/TRu0Z_0Trl0NW78D8KTuTQ/1XRdFtuDsF9pLUTPgdNoM80Vfw2eWpTdT4Zg1XDeB1At5JkVI4fvn8bdzoDoc0RxC6KCdUnDJzWLx7R32yj2V_nWlAWaJQ5hgTkH9bZbfMvXXdBNCJ1MPBSRAWsc3FR00ITZXL8CzBm_-h9ncv93izNpKiklDoaMKlqWc8ml46o/aB3qdi0bGGDyr1axSWbzA0VLGpq16eMvJhPwpAMMhZo),
IB.2.1.c,Informatik,"Die Schülerinnen und Schüler können Daten aus ihrer Umwelt darstellen, strukturieren und auswerten.",können Daten mittels selbstentwickelter Geheimschriften verschlüsseln.,Zyklus 2,5./6.,nein,,"4 Vom Alltagscode zum digitalen Code,Malen nach Zahlen",RS.1.1.b,RS.1.1.b,MIA Bilder Kreis I klein.png (https://v5.airtableusercontent.com/v3/u/47/47/1764352800000/TRu0Z_0Trl0NW78D8KTuTQ/1XRdFtuDsF9pLUTPgdNoM80Vfw2eWpTdT4Zg1XDeB1At5JkVI4fvn8bdzoDoc0RxC6KCdUnDJzWLx7R32yj2V_nWlAWaJQ5hgTkH9bZbfMvXXdBNCJ1MPBSRAWsc3FR00ITZXL8CzBm_-h9ncv93izNpKiklDoaMKlqWc8ml46o/aB3qdi0bGGDyr1axSWbzA0VLGpq16eMvJhPwpAMMhZo),
IB.2.1.d,Informatik,"Die Schülerinnen und Schüler können Daten aus ihrer Umwelt darstellen, strukturieren und auswerten.","kennen analoge und digitale Darstellungen von Daten (Text, Zahl, Bild und Ton) und können die entsprechenden Dateitypen zuordnen.",Zyklus 2,5./6.,nein,,"4 Vom Alltagscode zum digitalen Code,5 Bilder: Punkt für Punkt,Ohne Worte - alles klar?","RS.5.5.b,RS.5.7.b","RS.5.5.b, RS.5.7.b",MIA Bilder Kreis I klein.png (https://v5.airtableusercontent.com/v3/u/47/47/1764352800000/TRu0Z_0Trl0NW78D8KTuTQ/1XRdFtuDsF9pLUTPgdNoM80Vfw2eWpTdT4Zg1XDeB1At5JkVI4fvn8bdzoDoc0RxC6KCdUnDJzWLx7R32yj2V_nWlAWaJQ5hgTkH9bZbfMvXXdBNCJ1MPBSRAWsc3FR00ITZXL8CzBm_-h9ncv93izNpKiklDoaMKlqWc8ml46o/aB3qdi0bGGDyr1axSWbzA0VLGpq16eMvJhPwpAMMhZo),
IB.2.1.e,Informatik,"Die Schülerinnen und Schüler können Daten aus ihrer Umwelt darstellen, strukturieren und auswerten.",kennen die Bezeichnungen der von ihnen genutzten Dokumententypen.,Zyklus 2,5./6.,Ja,,3 Wir stylen unsere Rezepte,RS.5.5.b,RS.5.5.b,MIA Bilder Kreis I klein.png (https://v5.airtableusercontent.com/v3/u/47/47/1764352800000/TRu0Z_0Trl0NW78D8KTuTQ/1XRdFtuDsF9pLUTPgdNoM80Vfw2eWpTdT4Zg1XDeB1At5JkVI4fvn8bdzoDoc0RxC6KCdUnDJzWLx7R32yj2V_nWlAWaJQ5hgTkH9bZbfMvXXdBNCJ1MPBSRAWsc3FR00ITZXL8CzBm_-h9ncv93izNpKiklDoaMKlqWc8ml46o/aB3qdi0bGGDyr1axSWbzA0VLGpq16eMvJhPwpAMMhZo),
IB.2.1.f,Informatik,"Die Schülerinnen und Schüler können Daten aus ihrer Umwelt darstellen, strukturieren und auswerten.","erkennen und verwenden Baum- und Netzstrukturen (z.B. Ordnerstruktur auf dem Computer, Stammbaum, Mindmap, Website).","Zyklus 2,Zyklus 3","5./6.,7.",nein,,,"RS.5.1.c,RS.5.1.d,RS.5.1.e","RS.5.1.c, RS.5.1.d, RS.5.1.e",MIA Bilder Kreis I klein.png (https://v5.airtableusercontent.com/v3/u/47/47/1764352800000/TRu0Z_0Trl0NW78D8KTuTQ/1XRdFtuDsF9pLUTPgdNoM80Vfw2eWpTdT4Zg1XDeB1At5JkVI4fvn8bdzoDoc0RxC6KCdUnDJzWLx7R32yj2V_nWlAWaJQ5hgTkH9bZbfMvXXdBNCJ1MPBSRAWsc3FR00ITZXL8CzBm_-h9ncv93izNpKiklDoaMKlqWc8ml46o/aB3qdi0bGGDyr1axSWbzA0VLGpq16eMvJhPwpAMMhZo),
IB.2.1.g,Informatik,"Die Schülerinnen und Schüler können Daten aus ihrer Umwelt darstellen, strukturieren und auswerten.",verstehen die Funktionsweise von fehlererkennenden und -korrigierenden Codes.,"Zyklus 2,Zyklus 3","5./6.,7.",nein,,4 @ {¥▲➞/ ▪¿ – alles klar?,,,MIA Bilder Kreis I klein.png (https://v5.airtableusercontent.com/v3/u/47/47/1764352800000/TRu0Z_0Trl0NW78D8KTuTQ/1XRdFtuDsF9pLUTPgdNoM80Vfw2eWpTdT4Zg1XDeB1At5JkVI4fvn8bdzoDoc0RxC6KCdUnDJzWLx7R32yj2V_nWlAWaJQ5hgTkH9bZbfMvXXdBNCJ1MPBSRAWsc3FR00ITZXL8CzBm_-h9ncv93izNpKiklDoaMKlqWc8ml46o/aB3qdi0bGGDyr1axSWbzA0VLGpq16eMvJhPwpAMMhZo),
IB.2.1.h,Informatik,"Die Schülerinnen und Schüler können Daten aus ihrer Umwelt darstellen, strukturieren und auswerten.","können Dokumente so ablegen, dass auch andere sie wieder finden.",Zyklus 3,7.,nein,IB,,,,MIA Bilder Kreis I klein.png (https://v5.airtableusercontent.com/v3/u/47/47/1764352800000/TRu0Z_0Trl0NW78D8KTuTQ/1XRdFtuDsF9pLUTPgdNoM80Vfw2eWpTdT4Zg1XDeB1At5JkVI4fvn8bdzoDoc0RxC6KCdUnDJzWLx7R32yj2V_nWlAWaJQ5hgTkH9bZbfMvXXdBNCJ1MPBSRAWsc3FR00ITZXL8CzBm_-h9ncv93izNpKiklDoaMKlqWc8ml46o/aB3qdi0bGGDyr1axSWbzA0VLGpq16eMvJhPwpAMMhZo),
IB.2.1.i,Informatik,"Die Schülerinnen und Schüler können Daten aus ihrer Umwelt darstellen, strukturieren und auswerten.","können logische Operatoren verwenden (und, oder, nicht).",Zyklus 3,"7.,8.",nein,,3 Abheben mit Algorithmen,,,MIA Bilder Kreis I klein.png (https://v5.airtableusercontent.com/v3/u/47/47/1764352800000/TRu0Z_0Trl0NW78D8KTuTQ/1XRdFtuDsF9pLUTPgdNoM80Vfw2eWpTdT4Zg1XDeB1At5JkVI4fvn8bdzoDoc0RxC6KCdUnDJzWLx7R32yj2V_nWlAWaJQ5hgTkH9bZbfMvXXdBNCJ1MPBSRAWsc3FR00ITZXL8CzBm_-h9ncv93izNpKiklDoaMKlqWc8ml46o/aB3qdi0bGGDyr1axSWbzA0VLGpq16eMvJhPwpAMMhZo),
IB.2.1.j,Informatik,"Die Schülerinnen und Schüler können Daten aus ihrer Umwelt darstellen, strukturieren und auswerten.","können Daten in einer Datenbank strukturieren, erfassen, suchen und automatisiert auswerten.",Zyklus 3,8.,Ja,,"""5 Daten, Daten, Daten"",1 Wettbewerb der Algorithmen",,,MIA Bilder Kreis I klein.png (https://v5.airtableusercontent.com/v3/u/47/47/1764352800000/TRu0Z_0Trl0NW78D8KTuTQ/1XRdFtuDsF9pLUTPgdNoM80Vfw2eWpTdT4Zg1XDeB1At5JkVI4fvn8bdzoDoc0RxC6KCdUnDJzWLx7R32yj2V_nWlAWaJQ5hgTkH9bZbfMvXXdBNCJ1MPBSRAWsc3FR00ITZXL8CzBm_-h9ncv93izNpKiklDoaMKlqWc8ml46o/aB3qdi0bGGDyr1axSWbzA0VLGpq16eMvJhPwpAMMhZo),
IB.2.1.k,Informatik,"Die Schülerinnen und Schüler können Daten aus ihrer Umwelt darstellen, strukturieren und auswerten.","können Methoden zur Datenreplikation unterscheiden und anwenden (Backup, Synchronisation, Versionierung).",Zyklus 3,9.,nein,,5 Survival Guide,,,MIA Bilder Kreis I klein.png (https://v5.airtableusercontent.com/v3/u/47/47/1764352800000/TRu0Z_0Trl0NW78D8KTuTQ/1XRdFtuDsF9pLUTPgdNoM80Vfw2eWpTdT4Zg1XDeB1At5JkVI4fvn8bdzoDoc0RxC6KCdUnDJzWLx7R32yj2V_nWlAWaJQ5hgTkH9bZbfMvXXdBNCJ1MPBSRAWsc3FR00ITZXL8CzBm_-h9ncv93izNpKiklDoaMKlqWc8ml46o/aB3qdi0bGGDyr1axSWbzA0VLGpq16eMvJhPwpAMMhZo),
IB.2.2.a,Informatik,"Die Schülerinnen und Schüler können einfache Problemstellungen analysieren, mögliche Lösungsverfahren beschreiben und in Programmen umsetzen.","können formale Anleitungen erkennen und ihnen folgen (z.B. Koch- und Backrezepte, Spiel- und Bastelanleitungen, Tanzchoreographien).",Zyklus 1,"1./2.,KiGa",Ja,,"Roboterschatzsuche,Mein Wunschroboter,Farben tanzen lassen,Jagd auf den Piratenschatz,Schau genau - erklärs genau!,""Wenn, dann, sonst!"",Radarturm",,,MIA Bilder Kreis I klein.png (https://v5.airtableusercontent.com/v3/u/47/47/1764352800000/TRu0Z_0Trl0NW78D8KTuTQ/1XRdFtuDsF9pLUTPgdNoM80Vfw2eWpTdT4Zg1XDeB1At5JkVI4fvn8bdzoDoc0RxC6KCdUnDJzWLx7R32yj2V_nWlAWaJQ5hgTkH9bZbfMvXXdBNCJ1MPBSRAWsc3FR00ITZXL8CzBm_-h9ncv93izNpKiklDoaMKlqWc8ml46o/aB3qdi0bGGDyr1axSWbzA0VLGpq16eMvJhPwpAMMhZo),
IB.2.2.b,Informatik,"Die Schülerinnen und Schüler können einfache Problemstellungen analysieren, mögliche Lösungsverfahren beschreiben und in Programmen umsetzen.","können durch Probieren Lösungswege für einfache Problemstellungen suchen und auf Korrektheit prüfen (z.B. einen Weg suchen, eine Spielstrategie entwickeln). Sie können verschiedene Lösungswege vergleichen.",Zyklus 2,5./6.,nein,,"""Was leitet, was nicht?"",""Schau her, es leuchtet!""",,,MIA Bilder Kreis I klein.png (https://v5.airtableusercontent.com/v3/u/47/47/1764352800000/TRu0Z_0Trl0NW78D8KTuTQ/1XRdFtuDsF9pLUTPgdNoM80Vfw2eWpTdT4Zg1XDeB1At5JkVI4fvn8bdzoDoc0RxC6KCdUnDJzWLx7R32yj2V_nWlAWaJQ5hgTkH9bZbfMvXXdBNCJ1MPBSRAWsc3FR00ITZXL8CzBm_-h9ncv93izNpKiklDoaMKlqWc8ml46o/aB3qdi0bGGDyr1axSWbzA0VLGpq16eMvJhPwpAMMhZo),
IB.2.2.c,Informatik,"Die Schülerinnen und Schüler können einfache Problemstellungen analysieren, mögliche Lösungsverfahren beschreiben und in Programmen umsetzen.","können Abläufe mit Schleifen und Verzweigungen aus ihrer Umwelt erkennen, beschreiben und strukturiert darstellen (z.B. mittels Flussdiagrammen).",Zyklus 2,5./6.,nein,,1 Salz und Pfeffer - Bits und Bytes,,,MIA Bilder Kreis I klein.png (https://v5.airtableusercontent.com/v3/u/47/47/1764352800000/TRu0Z_0Trl0NW78D8KTuTQ/1XRdFtuDsF9pLUTPgdNoM80Vfw2eWpTdT4Zg1XDeB1At5JkVI4fvn8bdzoDoc0RxC6KCdUnDJzWLx7R32yj2V_nWlAWaJQ5hgTkH9bZbfMvXXdBNCJ1MPBSRAWsc3FR00ITZXL8CzBm_-h9ncv93izNpKiklDoaMKlqWc8ml46o/aB3qdi0bGGDyr1axSWbzA0VLGpq16eMvJhPwpAMMhZo),
IB.2.2.d,Informatik,"Die Schülerinnen und Schüler können einfache Problemstellungen analysieren, mögliche Lösungsverfahren beschreiben und in Programmen umsetzen.","können einfache Abläufe mit Schleifen, bedingten Anweisungen und Parametern lesen und manuell ausführen.",Zyklus 2,5./6.,nein,,"5 Bilder: Punkt für Punkt,1 Salz und Pfeffer - Bits und Bytes,Zeichnungsdiktat in Paint erstellen",RS.5.8.b,RS.5.8.b,MIA Bilder Kreis I klein.png (https://v5.airtableusercontent.com/v3/u/47/47/1764352800000/TRu0Z_0Trl0NW78D8KTuTQ/1XRdFtuDsF9pLUTPgdNoM80Vfw2eWpTdT4Zg1XDeB1At5JkVI4fvn8bdzoDoc0RxC6KCdUnDJzWLx7R32yj2V_nWlAWaJQ5hgTkH9bZbfMvXXdBNCJ1MPBSRAWsc3FR00ITZXL8CzBm_-h9ncv93izNpKiklDoaMKlqWc8ml46o/aB3qdi0bGGDyr1axSWbzA0VLGpq16eMvJhPwpAMMhZo),
IB.2.2.e,Informatik,"Die Schülerinnen und Schüler können einfache Problemstellungen analysieren, mögliche Lösungsverfahren beschreiben und in Programmen umsetzen.","verstehen, dass ein Computer nur vordefinierte Anweisungen ausführen kann und dass ein Programm eine Abfolge von solchen Anweisungen ist.",Zyklus 2,5./6.,nein,,"5 Bilder: Punkt für Punkt,2 Das Einmaleins des Programmierens,Hallo Ausserirdischer - wer bist du?,KI Grundlagen","RS.5.8.a,RS.5.8.b","RS.5.8.a, RS.5.8.b",MIA Bilder Kreis I klein.png (https://v5.airtableusercontent.com/v3/u/47/47/1764352800000/TRu0Z_0Trl0NW78D8KTuTQ/1XRdFtuDsF9pLUTPgdNoM80Vfw2eWpTdT4Zg1XDeB1At5JkVI4fvn8bdzoDoc0RxC6KCdUnDJzWLx7R32yj2V_nWlAWaJQ5hgTkH9bZbfMvXXdBNCJ1MPBSRAWsc3FR00ITZXL8CzBm_-h9ncv93izNpKiklDoaMKlqWc8ml46o/aB3qdi0bGGDyr1axSWbzA0VLGpq16eMvJhPwpAMMhZo),
IB.2.2.f,Informatik,"Die Schülerinnen und Schüler können einfache Problemstellungen analysieren, mögliche Lösungsverfahren beschreiben und in Programmen umsetzen.","können Programme mit Schleifen, bedingten Anweisungen und Parametern schreiben und testen.",Zyklus 2,5./6.,Ja,"IB
MA.2.C.2.g","2 Das Einmaleins des Programmierens,5 2gether4ever – we’re connected,Hallo Ausserirdischer - wer bist du?,Boomwhackers Play Along","RS.5.7.d,RS.5.8.c","RS.5.7.d, RS.5.8.c",MIA Bilder Kreis I klein.png (https://v5.airtableusercontent.com/v3/u/47/47/1764352800000/TRu0Z_0Trl0NW78D8KTuTQ/1XRdFtuDsF9pLUTPgdNoM80Vfw2eWpTdT4Zg1XDeB1At5JkVI4fvn8bdzoDoc0RxC6KCdUnDJzWLx7R32yj2V_nWlAWaJQ5hgTkH9bZbfMvXXdBNCJ1MPBSRAWsc3FR00ITZXL8CzBm_-h9ncv93izNpKiklDoaMKlqWc8ml46o/aB3qdi0bGGDyr1axSWbzA0VLGpq16eMvJhPwpAMMhZo),
IB.2.2.g,Informatik,"Die Schülerinnen und Schüler können einfache Problemstellungen analysieren, mögliche Lösungsverfahren beschreiben und in Programmen umsetzen.","können selbstentdeckte Lösungswege für einfache Probleme in Form von lauffähigen und korrekten Computerprogrammen mit Schleifen, bedingten Anweisungen und Parametern formulieren.",Zyklus 3,"7.,8.",nein,,"3 Abheben mit Algorithmen,2 Fakes im Netz,3 Let’s play","RS.5.7.e,RS.5.7.f,RS.5.8.c,RS.5.8.d,RS.5.8.e","RS.5.7.e, RS.5.7.f, RS.5.8.c, RS.5.8.d, RS.5.8.e",MIA Bilder Kreis I klein.png (https://v5.airtableusercontent.com/v3/u/47/47/1764352800000/TRu0Z_0Trl0NW78D8KTuTQ/1XRdFtuDsF9pLUTPgdNoM80Vfw2eWpTdT4Zg1XDeB1At5JkVI4fvn8bdzoDoc0RxC6KCdUnDJzWLx7R32yj2V_nWlAWaJQ5hgTkH9bZbfMvXXdBNCJ1MPBSRAWsc3FR00ITZXL8CzBm_-h9ncv93izNpKiklDoaMKlqWc8ml46o/aB3qdi0bGGDyr1axSWbzA0VLGpq16eMvJhPwpAMMhZo),
IB.2.2.h,Informatik,"Die Schülerinnen und Schüler können einfache Problemstellungen analysieren, mögliche Lösungsverfahren beschreiben und in Programmen umsetzen.",können selbstentwickelte Algorithmen in Form von lauffähigen und korrekten Computerprogrammen mit Variablen und Unterprogrammen formulieren.,Zyklus 3,"7.,8.",Ja,,3 Abheben mit Algorithmen,"RS.5.7.e,RS.5.7.f,RS.5.8.d,RS.5.8.e","RS.5.7.e, RS.5.7.f, RS.5.8.d, RS.5.8.e",MIA Bilder Kreis I klein.png (https://v5.airtableusercontent.com/v3/u/47/47/1764352800000/TRu0Z_0Trl0NW78D8KTuTQ/1XRdFtuDsF9pLUTPgdNoM80Vfw2eWpTdT4Zg1XDeB1At5JkVI4fvn8bdzoDoc0RxC6KCdUnDJzWLx7R32yj2V_nWlAWaJQ5hgTkH9bZbfMvXXdBNCJ1MPBSRAWsc3FR00ITZXL8CzBm_-h9ncv93izNpKiklDoaMKlqWc8ml46o/aB3qdi0bGGDyr1axSWbzA0VLGpq16eMvJhPwpAMMhZo),
IB.2.2.i,Informatik,"Die Schülerinnen und Schüler können einfache Problemstellungen analysieren, mögliche Lösungsverfahren beschreiben und in Programmen umsetzen.","können verschiedene Algorithmen zur Lösung desselben Problems vergleichen und beurteilen (z.B. lineare und binäre Suche, Sortierverfahren).",Zyklus 3,9.,nein,,"1 Eine Entdeckungsreise  durch das Internet,1 Wettbewerb der Algorithmen",,,MIA Bilder Kreis I klein.png (https://v5.airtableusercontent.com/v3/u/47/47/1764352800000/TRu0Z_0Trl0NW78D8KTuTQ/1XRdFtuDsF9pLUTPgdNoM80Vfw2eWpTdT4Zg1XDeB1At5JkVI4fvn8bdzoDoc0RxC6KCdUnDJzWLx7R32yj2V_nWlAWaJQ5hgTkH9bZbfMvXXdBNCJ1MPBSRAWsc3FR00ITZXL8CzBm_-h9ncv93izNpKiklDoaMKlqWc8ml46o/aB3qdi0bGGDyr1axSWbzA0VLGpq16eMvJhPwpAMMhZo),
IB.2.3.a,Informatik,Die Schülerinnen und Schüler verstehen Aufbau und Funktionsweise von informationsverarbeitenden Systemen und können Konzepte der sicheren Datenverarbeitung anwenden.,"können Geräte ein- und ausschalten, Programme starten, bedienen und beenden sowie einfache Funktionen nutzen.",Zyklus 1,"1./2.,KiGa",nein,IB,,"RS.5.2.a,RS.5.6.a,RS.5.6.b","RS.5.2.a, RS.5.6.a, RS.5.6.b",MIA Bilder Kreis I klein.png (https://v5.airtableusercontent.com/v3/u/47/47/1764352800000/TRu0Z_0Trl0NW78D8KTuTQ/1XRdFtuDsF9pLUTPgdNoM80Vfw2eWpTdT4Zg1XDeB1At5JkVI4fvn8bdzoDoc0RxC6KCdUnDJzWLx7R32yj2V_nWlAWaJQ5hgTkH9bZbfMvXXdBNCJ1MPBSRAWsc3FR00ITZXL8CzBm_-h9ncv93izNpKiklDoaMKlqWc8ml46o/aB3qdi0bGGDyr1axSWbzA0VLGpq16eMvJhPwpAMMhZo),
IB.2.3.b,Informatik,Die Schülerinnen und Schüler verstehen Aufbau und Funktionsweise von informationsverarbeitenden Systemen und können Konzepte der sicheren Datenverarbeitung anwenden.,können sich mit eigenem Login in einem lokalen Netzwerk oder einer Lernumgebung anmelden.,Zyklus 1,"1./2.,KiGa",nein,IB,,"RS.1.1.a,RS.1.1.b,RS.1.1.c","RS.1.1.a, RS.1.1.b, RS.1.1.c",MIA Bilder Kreis I klein.png (https://v5.airtableusercontent.com/v3/u/47/47/1764352800000/TRu0Z_0Trl0NW78D8KTuTQ/1XRdFtuDsF9pLUTPgdNoM80Vfw2eWpTdT4Zg1XDeB1At5JkVI4fvn8bdzoDoc0RxC6KCdUnDJzWLx7R32yj2V_nWlAWaJQ5hgTkH9bZbfMvXXdBNCJ1MPBSRAWsc3FR00ITZXL8CzBm_-h9ncv93izNpKiklDoaMKlqWc8ml46o/aB3qdi0bGGDyr1axSWbzA0VLGpq16eMvJhPwpAMMhZo),
IB.2.3.c,Informatik,Die Schülerinnen und Schüler verstehen Aufbau und Funktionsweise von informationsverarbeitenden Systemen und können Konzepte der sicheren Datenverarbeitung anwenden.,können Dokumente selbstständig ablegen und wieder finden.,Zyklus 1,1./2.,Ja,IB,,,,MIA Bilder Kreis I klein.png (https://v5.airtableusercontent.com/v3/u/47/47/1764352800000/TRu0Z_0Trl0NW78D8KTuTQ/1XRdFtuDsF9pLUTPgdNoM80Vfw2eWpTdT4Zg1XDeB1At5JkVI4fvn8bdzoDoc0RxC6KCdUnDJzWLx7R32yj2V_nWlAWaJQ5hgTkH9bZbfMvXXdBNCJ1MPBSRAWsc3FR00ITZXL8CzBm_-h9ncv93izNpKiklDoaMKlqWc8ml46o/aB3qdi0bGGDyr1axSWbzA0VLGpq16eMvJhPwpAMMhZo),
IB.2.3.d,Informatik,Die Schülerinnen und Schüler verstehen Aufbau und Funktionsweise von informationsverarbeitenden Systemen und können Konzepte der sicheren Datenverarbeitung anwenden.,"können mit grundlegenden Elementen der Bedienoberfläche umgehen (Fenster, Menu, mehrere geöffnete Programme).","Zyklus 1,Zyklus 2","1./2.,3./4.",nein,IB,,RS.5.6.c,RS.5.6.c,MIA Bilder Kreis I klein.png (https://v5.airtableusercontent.com/v3/u/47/47/1764352800000/TRu0Z_0Trl0NW78D8KTuTQ/1XRdFtuDsF9pLUTPgdNoM80Vfw2eWpTdT4Zg1XDeB1At5JkVI4fvn8bdzoDoc0RxC6KCdUnDJzWLx7R32yj2V_nWlAWaJQ5hgTkH9bZbfMvXXdBNCJ1MPBSRAWsc3FR00ITZXL8CzBm_-h9ncv93izNpKiklDoaMKlqWc8ml46o/aB3qdi0bGGDyr1axSWbzA0VLGpq16eMvJhPwpAMMhZo),
IB.2.3.e,Informatik,Die Schülerinnen und Schüler verstehen Aufbau und Funktionsweise von informationsverarbeitenden Systemen und können Konzepte der sicheren Datenverarbeitung anwenden.,können Betriebssystem und Anwendungssoftware unterscheiden.,Zyklus 2,5./6.,nein,,1 Salz und Pfeffer - Bits und Bytes,RS.5.6.c,RS.5.6.c,MIA Bilder Kreis I klein.png (https://v5.airtableusercontent.com/v3/u/47/47/1764352800000/TRu0Z_0Trl0NW78D8KTuTQ/1XRdFtuDsF9pLUTPgdNoM80Vfw2eWpTdT4Zg1XDeB1At5JkVI4fvn8bdzoDoc0RxC6KCdUnDJzWLx7R32yj2V_nWlAWaJQ5hgTkH9bZbfMvXXdBNCJ1MPBSRAWsc3FR00ITZXL8CzBm_-h9ncv93izNpKiklDoaMKlqWc8ml46o/aB3qdi0bGGDyr1axSWbzA0VLGpq16eMvJhPwpAMMhZo),
IB.2.3.f,Informatik,Die Schülerinnen und Schüler verstehen Aufbau und Funktionsweise von informationsverarbeitenden Systemen und können Konzepte der sicheren Datenverarbeitung anwenden.,"kennen verschiedene Speicherarten (z.B. Festplatten, Flashspeicher, Hauptspeicher) und deren Vor- und Nachteile und verstehen Grösseneinheiten für Daten.",Zyklus 2,5./6.,nein,MA.3.A.1.h,"4 Vom Alltagscode zum digitalen Code,1 Salz und Pfeffer - Bits und Bytes",RS.5.7.c,RS.5.7.c,MIA Bilder Kreis I klein.png (https://v5.airtableusercontent.com/v3/u/47/47/1764352800000/TRu0Z_0Trl0NW78D8KTuTQ/1XRdFtuDsF9pLUTPgdNoM80Vfw2eWpTdT4Zg1XDeB1At5JkVI4fvn8bdzoDoc0RxC6KCdUnDJzWLx7R32yj2V_nWlAWaJQ5hgTkH9bZbfMvXXdBNCJ1MPBSRAWsc3FR00ITZXL8CzBm_-h9ncv93izNpKiklDoaMKlqWc8ml46o/aB3qdi0bGGDyr1axSWbzA0VLGpq16eMvJhPwpAMMhZo),
IB.2.3.g,Informatik,Die Schülerinnen und Schüler verstehen Aufbau und Funktionsweise von informationsverarbeitenden Systemen und können Konzepte der sicheren Datenverarbeitung anwenden.,"können bei Problemen mit Geräten und Programmen Lösungsstrategien anwenden (z.B. Hilfe-Funktion, Recherche).",Zyklus 2,5./6.,nein,,"2 Das Einmaleins des Programmierens,5 2gether4ever – we’re connected",,,MIA Bilder Kreis I klein.png (https://v5.airtableusercontent.com/v3/u/47/47/1764352800000/TRu0Z_0Trl0NW78D8KTuTQ/1XRdFtuDsF9pLUTPgdNoM80Vfw2eWpTdT4Zg1XDeB1At5JkVI4fvn8bdzoDoc0RxC6KCdUnDJzWLx7R32yj2V_nWlAWaJQ5hgTkH9bZbfMvXXdBNCJ1MPBSRAWsc3FR00ITZXL8CzBm_-h9ncv93izNpKiklDoaMKlqWc8ml46o/aB3qdi0bGGDyr1axSWbzA0VLGpq16eMvJhPwpAMMhZo),
IB.2.3.h,Informatik,Die Schülerinnen und Schüler verstehen Aufbau und Funktionsweise von informationsverarbeitenden Systemen und können Konzepte der sicheren Datenverarbeitung anwenden.,"können erklären, wie Daten verloren gehen können und kennen die wichtigsten Massnahmen, sich davor zu schützen.",Zyklus 2,5./6.,Ja,,5 2gether4ever – we’re connected,"RS.5.6.d,RS.5.6.e","RS.5.6.d, RS.5.6.e",MIA Bilder Kreis I klein.png (https://v5.airtableusercontent.com/v3/u/47/47/1764352800000/TRu0Z_0Trl0NW78D8KTuTQ/1XRdFtuDsF9pLUTPgdNoM80Vfw2eWpTdT4Zg1XDeB1At5JkVI4fvn8bdzoDoc0RxC6KCdUnDJzWLx7R32yj2V_nWlAWaJQ5hgTkH9bZbfMvXXdBNCJ1MPBSRAWsc3FR00ITZXL8CzBm_-h9ncv93izNpKiklDoaMKlqWc8ml46o/aB3qdi0bGGDyr1axSWbzA0VLGpq16eMvJhPwpAMMhZo),
IB.2.3.i,Informatik,Die Schülerinnen und Schüler verstehen Aufbau und Funktionsweise von informationsverarbeitenden Systemen und können Konzepte der sicheren Datenverarbeitung anwenden.,verstehen die grundsätzliche Funktionsweise von Suchmaschinen.,"Zyklus 2,Zyklus 3","5./6.,7.",nein,,2 Suchen und Finden im Internet,RS.3.1.f,RS.3.1.f,MIA Bilder Kreis I klein.png (https://v5.airtableusercontent.com/v3/u/47/47/1764352800000/TRu0Z_0Trl0NW78D8KTuTQ/1XRdFtuDsF9pLUTPgdNoM80Vfw2eWpTdT4Zg1XDeB1At5JkVI4fvn8bdzoDoc0RxC6KCdUnDJzWLx7R32yj2V_nWlAWaJQ5hgTkH9bZbfMvXXdBNCJ1MPBSRAWsc3FR00ITZXL8CzBm_-h9ncv93izNpKiklDoaMKlqWc8ml46o/aB3qdi0bGGDyr1axSWbzA0VLGpq16eMvJhPwpAMMhZo),
IB.2.3.j,Informatik,Die Schülerinnen und Schüler verstehen Aufbau und Funktionsweise von informationsverarbeitenden Systemen und können Konzepte der sicheren Datenverarbeitung anwenden.,"können lokale Geräte, lokales Netzwerk und das Internet als Speicherorte für private und öffentliche Daten unterscheiden.","Zyklus 2,Zyklus 3","5./6.,7.",nein,,"5 2gether4ever – we’re connected,5 Survival Guide","RS.2.2.b,RS.2.2.c,RS.2.2.d,RS.4.3.a,RS.4.3.b,RS.4.3.c,RS.2.2.a","RS.2.2.b, RS.2.2.c, RS.2.2.d, RS.4.3.a, RS.4.3.b, RS.4.3.c, RS.2.2.a",MIA Bilder Kreis I klein.png (https://v5.airtableusercontent.com/v3/u/47/47/1764352800000/TRu0Z_0Trl0NW78D8KTuTQ/1XRdFtuDsF9pLUTPgdNoM80Vfw2eWpTdT4Zg1XDeB1At5JkVI4fvn8bdzoDoc0RxC6KCdUnDJzWLx7R32yj2V_nWlAWaJQ5hgTkH9bZbfMvXXdBNCJ1MPBSRAWsc3FR00ITZXL8CzBm_-h9ncv93izNpKiklDoaMKlqWc8ml46o/aB3qdi0bGGDyr1axSWbzA0VLGpq16eMvJhPwpAMMhZo),
IB.2.3.k,Informatik,Die Schülerinnen und Schüler verstehen Aufbau und Funktionsweise von informationsverarbeitenden Systemen und können Konzepte der sicheren Datenverarbeitung anwenden.,"haben eine Vorstellung von den Leistungseinheiten informationsverarbeitender Systeme und können deren Relevanz für konkrete Anwendungen einschätzen (z.B. Speicherkapazität, Bildauflösung, Rechenkapazität, Datenübertragungsrate).","Zyklus 2,Zyklus 3","5./6.,7.",nein,,2 Digitale Geräte im Alltag,,,MIA Bilder Kreis I klein.png (https://v5.airtableusercontent.com/v3/u/47/47/1764352800000/TRu0Z_0Trl0NW78D8KTuTQ/1XRdFtuDsF9pLUTPgdNoM80Vfw2eWpTdT4Zg1XDeB1At5JkVI4fvn8bdzoDoc0RxC6KCdUnDJzWLx7R32yj2V_nWlAWaJQ5hgTkH9bZbfMvXXdBNCJ1MPBSRAWsc3FR00ITZXL8CzBm_-h9ncv93izNpKiklDoaMKlqWc8ml46o/aB3qdi0bGGDyr1axSWbzA0VLGpq16eMvJhPwpAMMhZo),
IB.2.3.l,Informatik,Die Schülerinnen und Schüler verstehen Aufbau und Funktionsweise von informationsverarbeitenden Systemen und können Konzepte der sicheren Datenverarbeitung anwenden.,"kennen die wesentlichen Eingabe-, Verarbeitungs- und Ausgabeelemente von Informatiksystemen und können diese mit den entsprechenden Funktionen von Lebewesen vergleichen (Sensor, Prozessor, Aktor und Speicher).",Zyklus 3,7.,nein,,2 Digitale Geräte im Alltag,"RS.5.3.a,RS.5.3.b,RS.5.3.c","RS.5.3.a, RS.5.3.b, RS.5.3.c",MIA Bilder Kreis I klein.png (https://v5.airtableusercontent.com/v3/u/47/47/1764352800000/TRu0Z_0Trl0NW78D8KTuTQ/1XRdFtuDsF9pLUTPgdNoM80Vfw2eWpTdT4Zg1XDeB1At5JkVI4fvn8bdzoDoc0RxC6KCdUnDJzWLx7R32yj2V_nWlAWaJQ5hgTkH9bZbfMvXXdBNCJ1MPBSRAWsc3FR00ITZXL8CzBm_-h9ncv93izNpKiklDoaMKlqWc8ml46o/aB3qdi0bGGDyr1axSWbzA0VLGpq16eMvJhPwpAMMhZo),
IB.2.3.m,Informatik,Die Schülerinnen und Schüler verstehen Aufbau und Funktionsweise von informationsverarbeitenden Systemen und können Konzepte der sicheren Datenverarbeitung anwenden.,"können das Internet als Infrastruktur von seinen Diensten unterscheiden (z.B. WWW, E-Mail, Internettelefonie, Soziale Netzwerke).",Zyklus 3,8.,Ja,,1 Eine Entdeckungsreise  durch das Internet,RS.2.1.e,RS.2.1.e,MIA Bilder Kreis I klein.png (https://v5.airtableusercontent.com/v3/u/47/47/1764352800000/TRu0Z_0Trl0NW78D8KTuTQ/1XRdFtuDsF9pLUTPgdNoM80Vfw2eWpTdT4Zg1XDeB1At5JkVI4fvn8bdzoDoc0RxC6KCdUnDJzWLx7R32yj2V_nWlAWaJQ5hgTkH9bZbfMvXXdBNCJ1MPBSRAWsc3FR00ITZXL8CzBm_-h9ncv93izNpKiklDoaMKlqWc8ml46o/aB3qdi0bGGDyr1axSWbzA0VLGpq16eMvJhPwpAMMhZo),
IB.2.3.n,Informatik,Die Schülerinnen und Schüler verstehen Aufbau und Funktionsweise von informationsverarbeitenden Systemen und können Konzepte der sicheren Datenverarbeitung anwenden.,können die Risiken unverschlüsselter Datenübermittlung und -speicherung abschätzen.,Zyklus 3,9.,nein,,"""4 Sie wissen, wer du bist""","RS.1.1.d,RS.5.6.d,RS.5.6.e","RS.1.1.d, RS.5.6.d, RS.5.6.e",MIA Bilder Kreis I klein.png (https://v5.airtableusercontent.com/v3/u/47/47/1764352800000/TRu0Z_0Trl0NW78D8KTuTQ/1XRdFtuDsF9pLUTPgdNoM80Vfw2eWpTdT4Zg1XDeB1At5JkVI4fvn8bdzoDoc0RxC6KCdUnDJzWLx7R32yj2V_nWlAWaJQ5hgTkH9bZbfMvXXdBNCJ1MPBSRAWsc3FR00ITZXL8CzBm_-h9ncv93izNpKiklDoaMKlqWc8ml46o/aB3qdi0bGGDyr1axSWbzA0VLGpq16eMvJhPwpAMMhZo),
IB.3.1.a,Anwendungskompetenzen,Handhabung,"können Geräte ein- und aus­schalten, Programme starten und be­enden, einfache Funktionen nutzen, sich mit dem eigenen Login anmelden.",Zyklus 1,,Ja,"IB.2.3.a
IB.2.3.b","A-B-C-Buch,Mein Lieblingsort im Kindergarten,""Ich sehe, was ich höre"",Geräusche raten,""Punkt, Punkt, Komma, Strich"",Hokuspokus aus dem Hut","RS.1.1.a,RS.1.1.b,RS.1.1.c,RS.5.1.a,RS.5.1.b,RS.5.2.a,RS.5.2.b,RS.5.2.c,RS.5.6.a,RS.5.6.b","RS.1.1.a, RS.1.1.b, RS.1.1.c, RS.5.1.a, RS.5.1.b, RS.5.2.a, RS.5.2.b, RS.5.2.c, RS.5.6.a, RS.5.6.b",MIA Bilder Kreis A klein.png (https://v5.airtableusercontent.com/v3/u/47/47/1764352800000/q2Bu1eFNTMjtPPbSH6hLTQ/KKgPY4IWhFRjl5tFD5a1jbGQD-FPtSjhA4X_rXk_-qaHEsTwpAEUDR65uxA47Z_RVyk_vNPuyRu4sSvupqJ7Ltao8J655icOdZBkcHWNLfysn4R1vf6hY_6zBVzAnllU9UlNUnwBzdHjV8a5-d8ThNWKvNScdjFXhUE-5uDa7oU/AYT23SRnil1pPOUkxy-8pyOAbWSPetbcU4yQRGkpzhU),
IB.3.1.b,Anwendungskompetenzen,Handhabung,können Dokumente selbstständig ablegen und wieder finden.,Zyklus 1,,Ja,IB.2.3.c,"""Punkt, Punkt, Komma, Strich"",Word formatieren Übungen",RS.5.1.b,RS.5.1.b,MIA Bilder Kreis A klein.png (https://v5.airtableusercontent.com/v3/u/47/47/1764352800000/q2Bu1eFNTMjtPPbSH6hLTQ/KKgPY4IWhFRjl5tFD5a1jbGQD-FPtSjhA4X_rXk_-qaHEsTwpAEUDR65uxA47Z_RVyk_vNPuyRu4sSvupqJ7Ltao8J655icOdZBkcHWNLfysn4R1vf6hY_6zBVzAnllU9UlNUnwBzdHjV8a5-d8ThNWKvNScdjFXhUE-5uDa7oU/AYT23SRnil1pPOUkxy-8pyOAbWSPetbcU4yQRGkpzhU),
IB.3.1.c,Anwendungskompetenzen,Handhabung,"können mit grund­le­gen­den Ele­men­ten der Bedienoberfläche umgehen (Fenster, Menüs, mehrere geöffnete Programme).","Zyklus 1,Zyklus 2",,Ja,"D.4.A.1.e
IB.2.3.d",Wetterbericht,"RS.5.1.b,RS.5.2.b,RS.5.2.c,RS.5.2.d,RS.5.6.b,RS.5.6.c","RS.5.1.b, RS.5.2.b, RS.5.2.c, RS.5.2.d, RS.5.6.b, RS.5.6.c",MIA Bilder Kreis A klein.png (https://v5.airtableusercontent.com/v3/u/47/47/1764352800000/q2Bu1eFNTMjtPPbSH6hLTQ/KKgPY4IWhFRjl5tFD5a1jbGQD-FPtSjhA4X_rXk_-qaHEsTwpAEUDR65uxA47Z_RVyk_vNPuyRu4sSvupqJ7Ltao8J655icOdZBkcHWNLfysn4R1vf6hY_6zBVzAnllU9UlNUnwBzdHjV8a5-d8ThNWKvNScdjFXhUE-5uDa7oU/AYT23SRnil1pPOUkxy-8pyOAbWSPetbcU4yQRGkpzhU),
IB.3.1.d,Anwendungskompetenzen,Handhabung,können mit der Tastatur Texte schreiben.,"Zyklus 1,Zyklus 2",,Ja,D.4.A.1.e,Word formatieren Übungen,"RS.4.1.a,RS.4.1.b","RS.4.1.a, RS.4.1.b",MIA Bilder Kreis A klein.png (https://v5.airtableusercontent.com/v3/u/47/47/1764352800000/q2Bu1eFNTMjtPPbSH6hLTQ/KKgPY4IWhFRjl5tFD5a1jbGQD-FPtSjhA4X_rXk_-qaHEsTwpAEUDR65uxA47Z_RVyk_vNPuyRu4sSvupqJ7Ltao8J655icOdZBkcHWNLfysn4R1vf6hY_6zBVzAnllU9UlNUnwBzdHjV8a5-d8ThNWKvNScdjFXhUE-5uDa7oU/AYT23SRnil1pPOUkxy-8pyOAbWSPetbcU4yQRGkpzhU),
IB.3.1.e,Anwendungskompetenzen,Handhabung,können ausreichend automatisiert mit der Tastatur schreiben.,Zyklus 3,,Ja,D.4.A.1.i,,"RS.4.1.c,RS.4.1.d,RS.4.1.e","RS.4.1.c, RS.4.1.d, RS.4.1.e",MIA Bilder Kreis A klein.png (https://v5.airtableusercontent.com/v3/u/47/47/1764352800000/q2Bu1eFNTMjtPPbSH6hLTQ/KKgPY4IWhFRjl5tFD5a1jbGQD-FPtSjhA4X_rXk_-qaHEsTwpAEUDR65uxA47Z_RVyk_vNPuyRu4sSvupqJ7Ltao8J655icOdZBkcHWNLfysn4R1vf6hY_6zBVzAnllU9UlNUnwBzdHjV8a5-d8ThNWKvNScdjFXhUE-5uDa7oU/AYT23SRnil1pPOUkxy-8pyOAbWSPetbcU4yQRGkpzhU),
IB.3.1.f,Anwendungskompetenzen,Handhabung,"können Dokumente so ablegen, dass auch andere sie wiederfinden.",Zyklus 3,,Ja,IB.2.1.h,,RS.5.2.e,RS.5.2.e,MIA Bilder Kreis A klein.png (https://v5.airtableusercontent.com/v3/u/47/47/1764352800000/q2Bu1eFNTMjtPPbSH6hLTQ/KKgPY4IWhFRjl5tFD5a1jbGQD-FPtSjhA4X_rXk_-qaHEsTwpAEUDR65uxA47Z_RVyk_vNPuyRu4sSvupqJ7Ltao8J655icOdZBkcHWNLfysn4R1vf6hY_6zBVzAnllU9UlNUnwBzdHjV8a5-d8ThNWKvNScdjFXhUE-5uDa7oU/AYT23SRnil1pPOUkxy-8pyOAbWSPetbcU4yQRGkpzhU),
IB.3.2.a,Anwendungskompetenzen,Recherche und Lernunterstützung,"können mit Hilfe von vor­ge­ge­benen Me­dien ler­nen und In­for­matio­nen zu einem be­stimm­ten Thema be­schaf­fen (z.B. Buch, Zeit­schrift, Lern­spiel, Spiel­ge­schich­te, Web­seite).","Zyklus 1,Zyklus 2,Zyklus 3",,Ja,"D.3.B.1.g
D.4.C.1.b
GGS.4.2.b
IB.1.2.c
NMG.6.2.b",Schnitzeljagd im Kinderlexikon,"RS.3.1.b,RS.3.2.a,RS.7.1.c,RS.7.4.a,RS.7.5.a,RS.7.5.b","RS.3.1.b, RS.3.2.a, RS.7.1.c, RS.7.4.a, RS.7.5.a, RS.7.5.b",MIA Bilder Kreis A klein.png (https://v5.airtableusercontent.com/v3/u/47/47/1764352800000/q2Bu1eFNTMjtPPbSH6hLTQ/KKgPY4IWhFRjl5tFD5a1jbGQD-FPtSjhA4X_rXk_-qaHEsTwpAEUDR65uxA47Z_RVyk_vNPuyRu4sSvupqJ7Ltao8J655icOdZBkcHWNLfysn4R1vf6hY_6zBVzAnllU9UlNUnwBzdHjV8a5-d8ThNWKvNScdjFXhUE-5uDa7oU/AYT23SRnil1pPOUkxy-8pyOAbWSPetbcU4yQRGkpzhU),
IB.3.2.b,Anwendungskompetenzen,Recherche und Lernunterstützung,"können Medien und Daten auswählen, auswerten und als Informationsquelle für ihr Lernen nutzen (z.B. Lexikon, Suchmaschine, Schulfernsehen, Wetterkarte, geografische Daten, technische Anleitungen).","Zyklus 2,Zyklus 3",,Ja,"D.2.B.1.f
D.4.C.1.e
FS1F.5.B.2.b
FS2E.5.B.2.b
GGS.4.3.b
IB.1.2.e
NMG.2.5.d
NMG.4.4.1f
NMG.5.3.g
NMG.7.3.e
NMG.8.5.h
NMG.8.5.i
TG.3.B.4.b
TG.3.B.4.c
WAH.1.1.b",,"RS.3.1.b,RS.3.1.c,RS.3.1.d,RS.3.1.e,RS.7.2.a,RS.7.2.b,RS.7.2.c,RS.7.4.a","RS.3.1.b, RS.3.1.c, RS.3.1.d, RS.3.1.e, RS.7.2.a, RS.7.2.b, RS.7.2.c, RS.7.4.a",MIA Bilder Kreis A klein.png (https://v5.airtableusercontent.com/v3/u/47/47/1764352800000/q2Bu1eFNTMjtPPbSH6hLTQ/KKgPY4IWhFRjl5tFD5a1jbGQD-FPtSjhA4X_rXk_-qaHEsTwpAEUDR65uxA47Z_RVyk_vNPuyRu4sSvupqJ7Ltao8J655icOdZBkcHWNLfysn4R1vf6hY_6zBVzAnllU9UlNUnwBzdHjV8a5-d8ThNWKvNScdjFXhUE-5uDa7oU/AYT23SRnil1pPOUkxy-8pyOAbWSPetbcU4yQRGkpzhU),
IB.3.2.c,Anwendungskompetenzen,Recherche und Lernunterstützung,"können Sachtexte im Rahmen einer Recherche beschaffen (z.B. im Internet, in der Bibliothek) und die darin enthaltenen Informationen mithilfe von Leitfragen für weitere Arbeiten nutzen (z.B. Referat).","Zyklus 2,Zyklus 3",,Ja,D.2.B.1.g,,"RS.3.1.d,RS.3.1.e,RS.3.2.b,RS.3.2.c,RS.3.2.d,RS.3.2.e,RS.7.3.a","RS.3.1.d, RS.3.1.e, RS.3.2.b, RS.3.2.c, RS.3.2.d, RS.3.2.e, RS.7.3.a",MIA Bilder Kreis A klein.png (https://v5.airtableusercontent.com/v3/u/47/47/1764352800000/q2Bu1eFNTMjtPPbSH6hLTQ/KKgPY4IWhFRjl5tFD5a1jbGQD-FPtSjhA4X_rXk_-qaHEsTwpAEUDR65uxA47Z_RVyk_vNPuyRu4sSvupqJ7Ltao8J655icOdZBkcHWNLfysn4R1vf6hY_6zBVzAnllU9UlNUnwBzdHjV8a5-d8ThNWKvNScdjFXhUE-5uDa7oU/AYT23SRnil1pPOUkxy-8pyOAbWSPetbcU4yQRGkpzhU),
IB.3.2.d,Anwendungskompetenzen,Recherche und Lernunterstützung,"können Medien für den eigenen Lernprozess selbstständig auswählen und einsetzen (z.B. Sachbuch, Zeitschrift, RSS-Feed, soziale Netzwerke, E-Book, fachbezogene Software).",Zyklus 3,,Ja,"FS1F.4.B.1.d
FS1F.5.B.2.d
FS2E.4.B.1.d
FS2E.5.B.2.d
GGS.4.1.a
GGS.4.2.b
GGS.4.3.b
GGS.5.3.d
GGS.6.2.b
GGS.6.2.d
MA.1.B.3.g
MA.2.B.1.i
MA.2.B.1.j
MU.4.B.1.2f
NT.1.3.c
NT.3.3.d
NT.9.1.c
NT.9.2.c
WAH.3.2.a
WAH.3.3.c",,"RS.3.1.d,RS.3.1.e,RS.3.2.c,RS.3.2.d,RS.3.2.e,RS.7.1.d,RS.7.1.e,RS.7.3.b,RS.7.3.c,RS.7.4.c,RS.7.4.d,RS.7.5.c,RS.7.5.d,RS.7.5.e","RS.3.1.d, RS.3.1.e, RS.3.2.c, RS.3.2.d, RS.3.2.e, RS.7.1.d, RS.7.1.e, RS.7.3.b, RS.7.3.c, RS.7.4.c, RS.7.4.d, RS.7.5.c, RS.7.5.d, RS.7.5.e",MIA Bilder Kreis A klein.png (https://v5.airtableusercontent.com/v3/u/47/47/1764352800000/q2Bu1eFNTMjtPPbSH6hLTQ/KKgPY4IWhFRjl5tFD5a1jbGQD-FPtSjhA4X_rXk_-qaHEsTwpAEUDR65uxA47Z_RVyk_vNPuyRu4sSvupqJ7Ltao8J655icOdZBkcHWNLfysn4R1vf6hY_6zBVzAnllU9UlNUnwBzdHjV8a5-d8ThNWKvNScdjFXhUE-5uDa7oU/AYT23SRnil1pPOUkxy-8pyOAbWSPetbcU4yQRGkpzhU),
IB.3.3.a,Anwendungskompetenzen,Produktion und Präsentation,"können Medien zum gegenseitigen Austausch sowie zum Erstellen und Präsentieren ihrer Arbeiten einsetzen (z.B. Brief, E-Mail, Klassenzeitung, Klassenblog, gestalten von Text-, Bild-, Video- und Tondokumenten).","Zyklus 1,Zyklus 2",,Ja,"IB.1.3.b
IB.1.3.c
IB.1.4.a
TG.1.B.2.a","A-B-C-Buch,Mein Lieblingsort im Kindergarten,""Ich sehe, was ich höre"",Wir erfinden eine Geschichte,Gewürfelte Erzählungen,Geräusche raten,""Punkt, Punkt, Komma, Strich"",Hokuspokus aus dem Hut,Bühne frei für die Zahlenkinder,Mein Lieblingstier,Wetterbericht,Roboterschatzsuche,Mein Wunschroboter,Schau genau - erklärs genau!","RS.2.1.a,RS.2.1.d,RS.3.3.b,RS.3.3.c,RS.4.4.c,RS.4.5.b,RS.4.6.a","RS.2.1.a, RS.2.1.d, RS.3.3.b, RS.3.3.c, RS.4.4.c, RS.4.5.b, RS.4.6.a",MIA Bilder Kreis A klein.png (https://v5.airtableusercontent.com/v3/u/47/47/1764352800000/q2Bu1eFNTMjtPPbSH6hLTQ/KKgPY4IWhFRjl5tFD5a1jbGQD-FPtSjhA4X_rXk_-qaHEsTwpAEUDR65uxA47Z_RVyk_vNPuyRu4sSvupqJ7Ltao8J655icOdZBkcHWNLfysn4R1vf6hY_6zBVzAnllU9UlNUnwBzdHjV8a5-d8ThNWKvNScdjFXhUE-5uDa7oU/AYT23SRnil1pPOUkxy-8pyOAbWSPetbcU4yQRGkpzhU),
IB.3.3.b,Anwendungskompetenzen,Produktion und Präsentation,"können die Grundfunktionen von Geräten und Programmen zur Erstellung, Bearbeitung und Gestaltung von Texten, Tabellen, Präsentationen, Diagrammen, Bildern, Tönen, Videos und Algorithmen anwenden.","Zyklus 2,Zyklus 3",,Ja,"D.4.D.1.c
D.4.D.1.d
MA.1.B.3.e
MA.1.B.3.f
MA.3.C.1.g
NMG.4.4.1e","Werwolf Spiel in Powerpoint,Word formatieren Übungen","RS.3.3.b,RS.3.3.c,RS.4.1.c,RS.4.1.d,RS.4.1.e,RS.4.5.b,RS.4.5.c,RS.4.5.d,RS.4.5.e,RS.4.6.b,RS.4.6.c,RS.4.6.d,RS.5.5.c,RS.5.5.d,RS.6.1.c,RS.6.1.d,RS.6.1.e,RS.6.2.a,RS.6.2.b,RS.6.2.c,RS.6.2.d,RS.6.3.a,RS.6.3.b,RS.6.3.c,RS.7.4.b","RS.3.3.b, RS.3.3.c, RS.4.1.c, RS.4.1.d, RS.4.1.e, RS.4.5.b, RS.4.5.c, RS.4.5.d, RS.4.5.e, RS.4.6.b, RS.4.6.c, RS.4.6.d, RS.5.5.c, RS.5.5.d, RS.6.1.c, RS.6.1.d, RS.6.1.e, RS.6.2.a, RS.6.2.b, RS.6.2.c, RS.6.2.d, RS.6.3.a, RS.6.3.b, RS.6.3.c, RS.7.4.b",MIA Bilder Kreis A klein.png (https://v5.airtableusercontent.com/v3/u/47/47/1764352800000/q2Bu1eFNTMjtPPbSH6hLTQ/KKgPY4IWhFRjl5tFD5a1jbGQD-FPtSjhA4X_rXk_-qaHEsTwpAEUDR65uxA47Z_RVyk_vNPuyRu4sSvupqJ7Ltao8J655icOdZBkcHWNLfysn4R1vf6hY_6zBVzAnllU9UlNUnwBzdHjV8a5-d8ThNWKvNScdjFXhUE-5uDa7oU/AYT23SRnil1pPOUkxy-8pyOAbWSPetbcU4yQRGkpzhU),
IB.3.3.c,Anwendungskompetenzen,Produktion und Präsentation,"können aktuelle Medien nutzen um sich auszutauschen, und um ihre Gedanken und ihr Wissen vor Publikum zu präsentieren oder einer Öffentlichkeit verfügbar zu machen.","Zyklus 2,Zyklus 3",,Ja,"BG.2.C.1.3d
D.4.B.1.h
IB.1.3.f
IB.1.4.c",Medientagebuch,"RS.2.1.b,RS.2.1.c,RS.2.1.d,RS.4.4.d,RS.4.6.d,RS.6.2.c,RS.6.2.d,RS.6.3.c","RS.2.1.b, RS.2.1.c, RS.2.1.d, RS.4.4.d, RS.4.6.d, RS.6.2.c, RS.6.2.d, RS.6.3.c",MIA Bilder Kreis A klein.png (https://v5.airtableusercontent.com/v3/u/47/47/1764352800000/q2Bu1eFNTMjtPPbSH6hLTQ/KKgPY4IWhFRjl5tFD5a1jbGQD-FPtSjhA4X_rXk_-qaHEsTwpAEUDR65uxA47Z_RVyk_vNPuyRu4sSvupqJ7Ltao8J655icOdZBkcHWNLfysn4R1vf6hY_6zBVzAnllU9UlNUnwBzdHjV8a5-d8ThNWKvNScdjFXhUE-5uDa7oU/AYT23SRnil1pPOUkxy-8pyOAbWSPetbcU4yQRGkpzhU),
IB.3.3.d,Anwendungskompetenzen,Produktion und Präsentation,"können Geräte und Programme zur Erstellung, Bearbeitung und Gestaltung von Texten, Tabellen, Präsentationen, Diagrammen, Bildern, Tönen, Videos und Algorithmen einsetzen.",Zyklus 3,,Ja,"BG.2.C.1.6d
BG.2.C.1.6e
D.4.B.1.h
D.4.E.1.g
FS1F.4.B.1.c
FS2E.4.B.1.c
GGS.4.1.a
IB.2.2.f
MA.1.B.3.h
MA.2.A.3.h
MA.3.A.3.i
MA.3.B.1.h
MU.4.B.1.2d
MU.4.B.1.2e",,"RS.3.3.d,RS.3.3.e,RS.3.3.f,RS.4.1.b,RS.4.1.c,RS.4.1.d,RS.4.1.e,RS.4.6.d,RS.5.4.a,RS.5.4.b,RS.5.4.c,RS.5.4.d,RS.5.4.e,RS.7.2.d","RS.3.3.d, RS.3.3.e, RS.3.3.f, RS.4.1.b, RS.4.1.c, RS.4.1.d, RS.4.1.e, RS.4.6.d, RS.5.4.a, RS.5.4.b, RS.5.4.c, RS.5.4.d, RS.5.4.e, RS.7.2.d",MIA Bilder Kreis A klein.png (https://v5.airtableusercontent.com/v3/u/47/47/1764352800000/q2Bu1eFNTMjtPPbSH6hLTQ/KKgPY4IWhFRjl5tFD5a1jbGQD-FPtSjhA4X_rXk_-qaHEsTwpAEUDR65uxA47Z_RVyk_vNPuyRu4sSvupqJ7Ltao8J655icOdZBkcHWNLfysn4R1vf6hY_6zBVzAnllU9UlNUnwBzdHjV8a5-d8ThNWKvNScdjFXhUE-5uDa7oU/AYT23SRnil1pPOUkxy-8pyOAbWSPetbcU4yQRGkpzhU),
IB.3.3.e,Anwendungskompetenzen,Produktion und Präsentation,"können Medien und Programmfunktionen zur inhaltlichen und formellen Überarbeitung von Texten nutzen (z.B. Wörterbuch, Korrektur- und Überarbeitungsfunktionen, Internet).",Zyklus 3,,Ja,"D.4.E.1.g
D.4.F.1.e
D.4.F.1.f
D.4.F.1.g
FS1F.5.E.2.c
FS2E.5.E.2.c",,"RS.4.1.b,RS.4.1.c,RS.4.1.d,RS.4.1.e,RS.5.4.b,RS.5.4.d,RS.5.4.e","RS.4.1.b, RS.4.1.c, RS.4.1.d, RS.4.1.e, RS.5.4.b, RS.5.4.d, RS.5.4.e",MIA Bilder Kreis A klein.png (https://v5.airtableusercontent.com/v3/u/47/47/1764352800000/q2Bu1eFNTMjtPPbSH6hLTQ/KKgPY4IWhFRjl5tFD5a1jbGQD-FPtSjhA4X_rXk_-qaHEsTwpAEUDR65uxA47Z_RVyk_vNPuyRu4sSvupqJ7Ltao8J655icOdZBkcHWNLfysn4R1vf6hY_6zBVzAnllU9UlNUnwBzdHjV8a5-d8ThNWKvNScdjFXhUE-5uDa7oU/AYT23SRnil1pPOUkxy-8pyOAbWSPetbcU4yQRGkpzhU),
IB.3.3.f,Anwendungskompetenzen,Produktion und Präsentation,"können in Programmen Vorlagen anwenden (z.B. Textverarbeitung, Präsentationen, Tabellenkalkulation).",Zyklus 3,,Ja,"D.3.B.1.i
D.4.D.1.f
MA.1.B.3.g",,"RS.4.1.e,RS.5.4.b,RS.5.4.d,RS.5.4.e","RS.4.1.e, RS.5.4.b, RS.5.4.d, RS.5.4.e",MIA Bilder Kreis A klein.png (https://v5.airtableusercontent.com/v3/u/47/47/1764352800000/q2Bu1eFNTMjtPPbSH6hLTQ/KKgPY4IWhFRjl5tFD5a1jbGQD-FPtSjhA4X_rXk_-qaHEsTwpAEUDR65uxA47Z_RVyk_vNPuyRu4sSvupqJ7Ltao8J655icOdZBkcHWNLfysn4R1vf6hY_6zBVzAnllU9UlNUnwBzdHjV8a5-d8ThNWKvNScdjFXhUE-5uDa7oU/AYT23SRnil1pPOUkxy-8pyOAbWSPetbcU4yQRGkpzhU),
IB.3.3.g,Anwendungskompetenzen,Produktion und Präsentation,"können aktuelle Medien ziel- und zielgruppengerecht nutzen um ihre Gedanken und ihr Wissen vor Publikum zu präsentieren oder einer Öffentlichkeit verfügbar zu machen (z.B. Präsentationen, Foto-, Video-, Audiobeitrag, Blog und Wiki).",Zyklus 3,,Ja,"D.3.B.1.h
D.3.B.1.i
IB.1.3.f
MU.5.A.1.f
MU.5.A.1.g
NT.1.3.c
NT.3.3.a",,"RS.4.4.d,RS.4.4.e,RS.4.5.e,RS.4.6.e","RS.4.4.d, RS.4.4.e, RS.4.5.e, RS.4.6.e",MIA Bilder Kreis A klein.png (https://v5.airtableusercontent.com/v3/u/47/47/1764352800000/q2Bu1eFNTMjtPPbSH6hLTQ/KKgPY4IWhFRjl5tFD5a1jbGQD-FPtSjhA4X_rXk_-qaHEsTwpAEUDR65uxA47Z_RVyk_vNPuyRu4sSvupqJ7Ltao8J655icOdZBkcHWNLfysn4R1vf6hY_6zBVzAnllU9UlNUnwBzdHjV8a5-d8ThNWKvNScdjFXhUE-5uDa7oU/AYT23SRnil1pPOUkxy-8pyOAbWSPetbcU4yQRGkpzhU),
IB.3.3.h,Anwendungskompetenzen,Produktion und Präsentation,"können Plattformen gestalten und anpassen und diese interaktiv für gemeinsames Arbeiten, Meinungsaustausch, Kommunikation sowie zum Publizieren einsetzen (z.B. Datenablage und -austausch, Blog, Cloudcomputing).",Zyklus 3,,Ja,"D.4.B.1.h
IB.1.4.f",,,,MIA Bilder Kreis A klein.png (https://v5.airtableusercontent.com/v3/u/47/47/1764352800000/q2Bu1eFNTMjtPPbSH6hLTQ/KKgPY4IWhFRjl5tFD5a1jbGQD-FPtSjhA4X_rXk_-qaHEsTwpAEUDR65uxA47Z_RVyk_vNPuyRu4sSvupqJ7Ltao8J655icOdZBkcHWNLfysn4R1vf6hY_6zBVzAnllU9UlNUnwBzdHjV8a5-d8ThNWKvNScdjFXhUE-5uDa7oU/AYT23SRnil1pPOUkxy-8pyOAbWSPetbcU4yQRGkpzhU),